Cuisine,Ingredients,Image,Url
éŸ“å¼æ³¡èœ,{å±±æ±å¤§ç™½èœ:ç´„1800~1900g}{è”¥ï¼ˆorå¤§è”¥):75g}{éŸ­èœ:75g}{ç™½è˜¿è””:150g}{ç´…è˜¿è””:75g}{è’œæ³¥:75g}{è–‘æ³¥:25g}{éŸ“åœ‹è¾£æ¤’ç²‰:50~60g}{é­šéœ²:ç´„80ml}{ç´°æµ·é¹½:ç´„1å¤§åŒ™}{ç³–:ç´„3å¤§åŒ™},https://tokyo-kitchen.icook.network/uploads/recipe/cover/66576/large_7f4a92cd17a90d29.jpg,https://icook.tw/recipes/66576
å¸¸å‚™èœï¼šé†‹æ¼¬è˜¿è””çµ²,{ç™½è˜¿è””çµ²ï¼š:150 g}{ç´…è˜¿è””çµ²ï¼š:30 g}{ç³¯ç±³é†‹ï¼š:50 c.c.}{ç³–ï¼š:6 å°åŒ™}{é¹½ï¼š:0.5 å°åŒ™}{æ©™çš®ï¼ˆå¯çœç•¥ï¼‰ï¼š:å°‘è¨±},https://tokyo-kitchen.icook.network/uploads/recipe/cover/279734/large_e5c96ec88cda99b1.jpg,https://icook.tw/recipes/279734
æ¶¼æ‹Œå°é»ƒç“œï¼ˆå¿«é€Ÿä¸æ²¾æ‰‹ï¼‰,{å°é»ƒç“œ:1æ¢}{è’œ:4ç“£}{è–‘:4ç‰‡}{è¾£æ¤’(å¤§æ¢çš„ï¼‰:åŠæ¢}{é¹½:2å°åŒ™}{é†‹:1å°åŒ™}{ç³–:1å°åŒ™}{é¦™æ²¹:2å°åŒ™},https://tokyo-kitchen.icook.network/uploads/recipe/cover/279536/large_76a4b2d6d91c9408.jpg,https://icook.tw/recipes/279536
éŸ“å¼æ¶¼æ‹Œç™½è˜¿è””,{ç™½è˜¿è””:åŠæ ¹}{è’œè“‰:ä¸€å¤§åŒ™}{è–‘æ³¥:ä¸€å°åŒ™}{ç™½ç ‚ç³–:ä¸€å°åŒ™}{é­šéœ²:ä¸€å¤§åŒ™}{è”¥èŠ±:ä¸€å¤§åŒ™}{éŸ“å¼è¾£æ¤’ç²‰:ä¸€å¤§åŒ™}{é¹½:å…©å¤§åŒ™},https://tokyo-kitchen.icook.network/uploads/recipe/cover/277943/large_5c271b1eaa951a11.jpg,https://icook.tw/recipes/277943
ç™½è˜¿è””æ³¡èœ,{å°ç™½è˜¿è””:2å°æ¢}{å¤§è¾£æ¤’:1æ¢}{è’œé ­:3ç“£}{çƒé†‹:4å¤§åŒ™}{ç³–:1å¤§åŒ™}{é¹½:å°‘è¨±},https://tokyo-kitchen.icook.network/uploads/recipe/cover/244312/large_0585a404992ddd0c.jpg,https://icook.tw/recipes/244312
é»ƒé‡‘æ³¡èœ å°å¼æ³¡èœ~é«˜éº—èœ/é¤Šæ¨‚å¤šç‰ˆ,{é«˜éº—èœåˆ‡å¤§ç‰‡:1000g}{å—ç“œå»çš®åˆ‡ç‰‡è’¸ç†Ÿæ—æ³¥:50g}{ç´…è¾£æ¤’åˆ‡çµ²:2æ¢}{ç´…è˜¿è””çµ²:50g}{å¤§è’œåˆ‡æœ«:30g}{é¤Šæ¨‚å¤šä¸€ç“¶:100ml}{ç™½é†‹:100ml}{é«˜éº—èœè„«æ°´ç”¨çš„é¹½:2å¤§åŒ™},https://tokyo-kitchen.icook.network/uploads/recipe/cover/276851/large_87bfd35d386355b1.jpg,https://icook.tw/recipes/276851
é†ƒè¾£è˜¿è””,{ç™½ç‰è˜¿è””:1.5æ–¤}{é¹½:5å¤§åŒ™}{è¾£æ¤’é†¬:1å¤§åŒ™}{è¾£è±†ç“£é†¬:3å¤§åŒ™}{é«˜ç²±é†‹:2å¤§åŒ™}{ç±³é…’:2å¤§åŒ™}{é†¬æ²¹:2å¤§åŒ™}{é¦™æ²¹:3å¤§åŒ™}{ç ‚ç³–:2å¤§åŒ™},https://tokyo-kitchen.icook.network/uploads/recipe/cover/276793/large_0940cca7d03c0019.jpg,https://icook.tw/recipes/276793
è±†ç“£é†ƒè˜¿è””,{ç™½ç‰è˜¿è””:1000g}{é¹½:1å¤§åŒ™20g}{å†°ç³–æˆ–ç³–:150g}{ç™½é†‹:120cc}{æ¸…é…’æˆ–ç±³é…’:60cc}{æ±æˆè±†ç“£é†¬:3å¤§åŒ™60g}{é¦™æ²¹:1å¤§åŒ™}{é­šéœ²:1å°åŒ™}{è¾£æ¤’ï¼ˆåˆ‡å°æ®µï¼‰:1æ ¹}{æœˆæ¡‚è‘‰:2ç‰‡},https://tokyo-kitchen.icook.network/uploads/recipe/cover/276619/large_edfe56160d57f49e.jpg,https://icook.tw/recipes/276619
è¶…ç°¡æ˜“å°å¼é†ƒè˜¿è””~é…¸ç”œã€è„†å£,{è˜¿è””:1300å…‹}{é¹½:65å…‹}{èƒ¡è˜¿è””:100å…‹}{é¹½:3å…‹}{ç³¯ç±³é†‹:250å…‹}{ä¸Šç™½ç³–(æˆ–ç´°ç ‚ç³–):217å…‹}{è¾£æ¤’:é©é‡},https://tokyo-kitchen.icook.network/uploads/recipe/cover/275529/large_0d63d86767577ec4.jpg,https://icook.tw/recipes/275529
éŸ“å¼æ³¡èœ,{å°å¼å†¬ç™½èœ:5é¡†}{ç´…è˜¿è””:1æ¢}{ç™½è˜¿è””:1æ¢}{éŸ­èœ:1æŠŠ}{æ´‹è‘±:1é¡†}{å°è˜‹æœ:2é¡†}{æ°´æ¢¨:1é¡†}{è–‘:1å¤§å¡Š}{è’œé ­:1å¤§æŠŠ}{é¹½å·´:1å¤§åŒ™}{ç´…è¾£æ¤’ï¼ˆè¾£çš„ï¼‰:5æ ¹}{ç´…è¾£æ¤’ï¼ˆä¸è¾£çš„ï¼‰:20æ ¹}{éº»æ²¹:1å¤§åŒ™}{ç ‚ç³–:1ç¢—}{ç™½é†‹:2ç¢—},https://tokyo-kitchen.icook.network/uploads/recipe/cover/274653/large_64064cb25847eac1.jpg,https://icook.tw/recipes/274653
é¦™æŸšæ¢…å­é†ƒè˜¿è””,{ç™½è˜¿è””:ä¸€æ¢}{é…è‰²ç´…è˜¿è””:å°‘è¨±}{è©±æ¢…:12é¡†}{æ°´:250cc}{å£½å¸é†‹:150cc}{ç´…ç ‚ç³–:7-8å¤§åŒ™}{é…¸æ¢…ç²‰:2-3åŒ™}{èœ‚èœœ:50cc}{é¹½:1/4åŒ™}{æŸšå­è‚‰:4ç‰‡}{é¹½:ä¸€å¤§åŒ™},https://tokyo-kitchen.icook.network/uploads/recipe/cover/267719/large_c8314a6244276c0a.jpg,https://icook.tw/recipes/267719
æ¶¼æ‹Œè’œè¾£å°é»ƒç“œ,{å°é»ƒç“œ:4æ ¹}{è’œé ­:5-6é¡†}{è¾£æ¤’:1æ ¹}{é¹½:1å°åŒ™}{å£½å¸é†‹:2åŒ™}{ç´…ç ‚ç³–:2-3åŒ™},https://tokyo-kitchen.icook.network/uploads/recipe/cover/266949/large_291a23af7deeea0c.jpg,https://icook.tw/recipes/266949
ä¸‰è‰²è”¬èœç”˜é†‹æ¼¬,{å°é»ƒç“œ:3æ¢}{ç´…è˜¿è””:1æ¢}{æ´‹è”¥:1/2é¡†}{ç™½é†‹:200ml}{æ¶¼é–‹æ°´:200ml}{ç ‚ç³–:3å¤§åŒ™}{é¹½:1èŒ¶åŒ™}{æœˆæ¡‚è‘‰:1ç‰‡}{è¾£æ¤’:2æ ¹}{å¤§è’œ:1ç“£},https://tokyo-kitchen.icook.network/uploads/recipe/cover/251163/large_df038528f68db29b.jpg,https://icook.tw/recipes/251163
è‡ªè£½è„†ç“œ,{å°é»ƒç“œ:700å…‹}{é†¬æ²¹:1æ¯}{ç™½é†‹:3/4æ¯}{ç³–:3/4æ¯},https://tokyo-kitchen.icook.network/uploads/recipe/cover/262421/large_113051d813508bd0.jpg,https://icook.tw/recipes/262421
é…¸ç”œé–‹èƒƒã€Šæ¢…å­ç•ªèŒ„ã€‹,{ç•ªèŒ„:70é¡†}{é…¸æ¢…:50g}{èœ‚èœœ ï¼ˆéš¨å–œï¼‰:é©é‡}{å†°ç³– ï¼ˆéš¨å–œï¼‰:é©é‡},https://tokyo-kitchen.icook.network/uploads/recipe/cover/258327/large_07d4f462a577d2c8.jpg,https://icook.tw/recipes/258327
é†ƒè£½é»ƒé‡‘èœ†,{é»ƒé‡‘èœ†:ï¼‘æ–¤}{è’œé ­:ï¼”å°è¾¦}{è¾£æ¤’:ï¼’æ ¹}{è–‘ç‰‡:25g}{é†¬æ²¹:200ml}{ç±³é…’:100ml}{çƒé†‹:100ml}{ç³–:50g},https://tokyo-kitchen.icook.network/uploads/recipe/cover/255041/large_c3642e2703e17f18.jpg,https://icook.tw/recipes/255041
é†ƒå«©è–‘,{å«©è–‘:500å…‹}{é«˜ç²±é†‹:150cc}{ç™½é†‹:100cc}{ç´°ç ‚ç³–:80å…‹}{èœ‚èœœ:15å…‹}{é¹½:3å…‹},https://tokyo-kitchen.icook.network/uploads/recipe/cover/254626/large_ffcdae51fed7b87b.jpg,https://icook.tw/recipes/254626
é†ƒé»ƒè˜¿è””(å’–å“©ç²‰ç‰ˆ),{ç™½è˜¿è””:1æ ¹}{é¹½:2èŒ¶åŒ™}{å’–å“©ç²‰(æ·¡):2èŒ¶åŒ™}{ç±³é†‹:2å¤§åŒ™}{ç³–:3å¤§åŒ™},https://tokyo-kitchen.icook.network/uploads/recipe/cover/254506/large_62419c0cef68b63e.jpg,https://icook.tw/recipes/254506
é†ƒé³³æ¢¨è±†é†¬ï½å…¨ç´ ,{é³³æ¢¨:600g}{ç³–:150g}{é¹½:75g}{é»ƒè±†ç²•:50g}{ç”˜è‰ç‰‡:4~5ç‰‡}{6è™Ÿç“¶:1å€‹},https://tokyo-kitchen.icook.network/uploads/recipe/cover/254254/large_a3cf3b7ffbfedd33.jpg,https://icook.tw/recipes/254254
Qæ¢…,{æ¢…å­:400å…‹}{é¹½:é©é‡}{äºŒç ‚ç³–:é©é‡}{TGMå¤§é¦¬å£«é©é‹¼å»šå…·åˆ€:1å€‹},https://tokyo-kitchen.icook.network/uploads/recipe/cover/253115/large_759e7aaef9080091.jpg,https://icook.tw/recipes/253115
æŸšå­è˜¿è””,{ç™½è˜¿è””:160g}{é¹½:1/2èŒ¶åŒ™}{æŸšå­æœé†¬:1å¤§åŒ™}{ç™½é†‹:1èŒ¶åŒ™},https://tokyo-kitchen.icook.network/uploads/recipe/cover/250860/large_ed6bd8ae5f70438e.jpg,https://icook.tw/recipes/250860
å¤æ¶¼æ¶¼ğŸ’¦é†‹æ³¡è—•ç‰‡,{è“®è—•:ä¸€æˆª}{é†‹:1/2æ¯}{ç³–:1/2æ¯}{æ¸…æ°´:1/2æ¯}{è¾£æ¤’:å°‘è¨±}{è’œé ­:å°‘è¨±}{é¹½å·´:å°‘è¨±}{ä¹¾æ·¨çš„ç»ç’ƒç½å­:ä¸€å€‹},https://tokyo-kitchen.icook.network/uploads/recipe/cover/251068/large_2862b6bcc597b296.jpg,https://icook.tw/recipes/251068
è„†æ¢…,{æ¢…å­:900å…‹}{ç³–:900å…‹}{æ°´:900å…‹}{ANKOMN ç„¡è€—é›»çœŸç©ºä¿é®®ç›’:1å€‹},https://tokyo-kitchen.icook.network/uploads/recipe/cover/249579/large_d59f4f3d7f84c0cc.jpg,https://icook.tw/recipes/249579
ç´«è˜‡æ¢…,{é’æ¢…:10æ–¤}{é¹½:300g}{æ–°é®®ç´«è˜‡è‘‰:300g}{ç ‚ç³–:2å…¬æ–¤}{æ°´:600g}{ç ‚ç³–:500g}{ç´°ç²’å†°ç³–:500g}{ç´°ç²’å†°ç³–:2å…¬æ–¤},https://tokyo-kitchen.icook.network/uploads/recipe/cover/249215/large_337e6dff4b0810f9.jpg,https://icook.tw/recipes/249215
[æ¸¯å¼æ³¡èœ]ç°¡å–®é–‹èƒƒèœ é†ƒè˜¿è””å°é»ƒç“œ,{ç™½è˜¿è””:600g}{ç´…è˜¿è””:120g}{å°é»ƒç“œ:50g}{å«©è–‘:40g}{ç´…è¾£æ¤’(å¯å…):1æ¢}{é¹½:é©é‡}{ç³–:3å¤§åŒ™}{ç™½é†‹:6å¤§åŒ™},https://tokyo-kitchen.icook.network/uploads/recipe/cover/248950/large_e27b59d981200068.jpg,https://icook.tw/recipes/248950
Dylanama â™¥ é†ƒå¤§é ­èœ,{å¤§é ­èœ:1å€‹}{è¾£æ¤’:1æ”¯}{é¹½:1å¤§åŒ™}{é»ƒè±†é†¬:5å¤§åŒ™},https://tokyo-kitchen.icook.network/uploads/recipe/cover/248953/large_f00871f95cb2f002.jpg,https://icook.tw/recipes/248953
é–‹èƒƒå°èœ-èŠ¥æœ«å°é»ƒç“œ,{å°é»ƒç“œ:1200g}{æ¾äº•èŠ¥æœ«ç²‰:20g}{é¹½å·´:20g}{ç™½ç³–:180g},https://tokyo-kitchen.icook.network/uploads/recipe/cover/248773/large_50dc2af4fca6ca8e.jpg,https://icook.tw/recipes/248773
é»ƒé‡‘æ³¡èœ,{å±±æ±ç™½èœ:åŠé¡†}{é¹½:3åŒ™}{ç´…è˜¿è””A:60g}{ç´…è˜¿è””B:100g}{è’œé ­:5ç“£}{éº»æ²¹è¾£è…ä¹³:3å¡Š}{ç³–:70g}{é†‹:100g}{å‘³é†‚:20g}{é¦™æ²¹:30g}{è¾£æ²¹:20g}{è¾£æ¤’ç²‰:é©é‡},https://tokyo-kitchen.icook.network/uploads/recipe/cover/247811/large_74d70b6d2a4a3407.jpg,https://icook.tw/recipes/247811
é˜¿å©†çš„å¤æ—©å‘³é†ƒé…¸æ¢…(è»Ÿæ¢…),{æ¢…å­:10æ–¤}{é¹½:åŠæ–¤}{å†°ç³–(å¤§é¡†çš„)  åˆ†3~4æ¬¡åŠ :10æ–¤},https://tokyo-kitchen.icook.network/uploads/recipe/cover/247804/large_4367d09a2e89176a.jpg,https://icook.tw/recipes/247804
ä¸‹é…’å¿…å‚™ï¼é¹¹èœ†ä»”æ¶¼æ‹ŒğŸ»,{é»ƒé‡‘èœ†:ã„§æ–¤ï¼ˆ600å…‹ï¼‰}{ç±³é…’:80å…‹ï¼ˆåŠæ¯é‡ç±³æ¯ï¼‰}{é†¬æ²¹:90å…‹ï¼ˆåŠæ¯é‡ç±³æ¯ï¼‰}{è¾£æ¤’:é©é‡ï¼ˆ2å°æ¢ï¼‰}{è’œé ­:é©é‡ï¼ˆ3ç“£ï¼‰}{æ¢…å­:é©é‡ï¼ˆ2-3é¡†ï¼‰},https://tokyo-kitchen.icook.network/uploads/recipe/cover/247398/large_61febaf263c37a08.jpg,https://icook.tw/recipes/247398
ï¼»ç•™å­¸ç”ŸÂ·ç•°åœ‹ï¼½è‡ªè£½éŸ“å¼æ³¡èœ,{å¤§ç™½èœ:2é¡†}{éŸ­èœ:2æŠŠ}{è–‘:2å°å¡Š}{è’œ:3é¡†}{ç™½ç±³:1æ¯}{å…§é‹:8æ¯}{å¤–é‹æ°´:1æ¯}{è˜‹æœ:2é¡†}{æ°´æ¢¨:2é¡†}{ç™½è˜¿è””:0.5æ¢}{ç´…è˜¿è””:2æ ¹}{éŸ“å¼è¾£ç²‰:250g}{é¹½å·´:é©é‡}{é­šéœ²:å°ç“¶1ç½},https://tokyo-kitchen.icook.network/uploads/recipe/cover/245264/large_70fad1906409d49a.jpg,https://icook.tw/recipes/245264
éŸ“å¼æ³¡èœ,{å±±æ±ç™½èœ:åŠé¡†}{é¹½:200å…‹}{ç³¯ç±³ç²‰:50å…‹}{æ°´:350æ¯«å‡}{è¾£æ¤’:2æ ¹}{å¤§è’œ:9ç“£}{è–‘:30å…‹}{æ°´æ¢¨:1é¡†}{éŸ“å¼è¾£æ¤’ç²‰:150å…‹}{éŸ“åœ‹é­šéœ²:30å…‹}{ç ‚ç³–:45å…‹}{éŸ­èœ:3æ”¯}{è”¥:3æ”¯}{blendtecé£Ÿç‰©èª¿ç†æ©Ÿ:1å°}{ANKOMNç„¡è€—é›»çœŸç©ºä¿é®®ç›’:1ç›’}{DANSKå–®æŸ„ç‰›å¥¶é‹:1å€‹},https://tokyo-kitchen.icook.network/uploads/recipe/cover/243437/large_60613539948867fc.jpg,https://icook.tw/recipes/243437
é»ƒé‡‘æ³¡èœ,{é«˜éº—èœ:400å…‹}{é¹½:20å…‹}{ç´…è˜¿è””:100å…‹}{è’œé ­:4ç“£}{ç™½èŠéº»é†¬:15å…‹}{å‘³éœ–:15æ¯«å‡}{ç™½é†‹:75æ¯«å‡}{ç³–:45å…‹}{éŸ“åœ‹è¾£æ¤’ç²‰:5å…‹}{ç„¡ç³–èŠ±ç”Ÿç²‰:10å…‹}{blendtec é£Ÿç‰©èª¿ç†æ©Ÿ:1å°}{ANKOMN ç„¡è€—é›»çœŸç©ºä¿é®®ç›’:1å€‹},https://tokyo-kitchen.icook.network/uploads/recipe/cover/243425/large_fa306d36be5ef5ea.jpg,https://icook.tw/recipes/243425
<å†¬å¤©é«˜éº—èœé£Ÿè­œ>å°å¼æ³¡èœ,{é«˜éº—èœ:ä¸€é¡†}{èƒ¡è˜¿è””çµ²:ä¸€æ ¹ä»½}{é¹½å·´:ä¸€å¤§åŒ™}{ç³¯ç±³é†‹:300å…‹}{ç³–:200å…‹}{æ°´:600å…‹},https://tokyo-kitchen.icook.network/uploads/recipe/cover/238745/large_2f1213448955de44.jpg,https://icook.tw/recipes/238745
é¬¼æ€ªä¹‹éŸ“å¼ç‚¸é›é†ƒè˜¿è””,{ç™½è˜¿è””:1/2æ¢}{ç™½é†‹:1/2æ¯}{æ¸…æ°´:1/2æ¯}{ç ‚ç³–:1/2æ¯}{é¹½å·´:1/2å¤§åŒ™},https://tokyo-kitchen.icook.network/uploads/recipe/cover/237526/large_0fe14543dbbad0bd.jpg,https://icook.tw/recipes/237526
æ¶¼æ‹Œå°èœï¼šæŸšé¦™ç™½è˜¿è””ç‰‡,{ç™½è˜¿è””:1æ ¹}{é¹½:3å¤§åŒ™}{ç³–:1å¤§åŒ™}{æŸšå­é†¬:3å¤§åŒ™}{é†‹:1å°åŒ™},https://tokyo-kitchen.icook.network/uploads/recipe/cover/237117/large_632920ed8a09c556.jpg,https://icook.tw/recipes/237117
å°å¼æ³¡èœ,{é«˜éº—èœï¼ˆå¤§é¡†ï¼‰:1é¡†}{ç´…è˜¿è””:1æ ¹}{è¾£æ¤’:2æ ¹}{è’œé ­:äº”ç‰‡}{é¹½å·´:60å…‹}{ç ‚ç³–:60å…‹}{ç™½é†‹:200cc},https://tokyo-kitchen.icook.network/uploads/recipe/cover/236928/large_d4aa8c229769a75f.jpg,https://icook.tw/recipes/236928
å»£æ±æ³¡èœè˜¿è””æ³¡èœï½é…¸ç”œè„†å£å¥½æ»‹å‘³,{ç™½è˜¿è””:1æ¢}{ç´…è˜¿è””:1/3æ¢}{å°é»ƒç“œ:1æ¢}{ç´…è¾£æ¤’:ä¸€æ¢}{é¹½:1å¤§åŒ™}{è–‘ç‰‡:5ç‰‡}{ç³–:3å¤§åŒ™}{é†‹:3å¤§åŒ™}{æ°´:3å¤§åŒ™}{é¹½å°‘è¨±(æå‘³ç”¨):1/2å°åŒ™},https://tokyo-kitchen.icook.network/uploads/recipe/cover/233780/large_45c589c38ea33e58.jpg,https://icook.tw/recipes/233780
éŸ“å¼æ³¡èœ,{å±±æ±å¤§ç™½èœï¼ˆç´„å››å…¬æ–¤ï¼‰:3é¡†}{é¹½:1-2åŒ™ï¼ˆä¸€é¡†ï¼‰}{éŸ“å¼è¾£æ¤’ç²‰ï¼ˆç²—ï¼‰:1.5ç¢—}{è’œé ­:åŠç¢—}{è€è–‘:2æ ¹}{è˜‹æœ:ä¸€é¡†}{æ°´æ¢¨:ä¸€é¡†}{æ´‹è”¥:ä¸€é¡†}{é­šéœ²ï¼ˆæ³°å¼ï¼‰ä¹Ÿå¯ä»¥éŸ“å¼é­šéœ²:ä¸€ç¢—}{è’œ:äº”æ ¹}{ç´…è˜¿è””:ä¸€æ ¹}{ç™½è˜¿è””:åŠæ ¹}{è”¥:äº”æ ¹}{æ°´:å…­ç¢—}{ç³¯ç±³:ä¸€ç¢—}{ç™½ç³–:åŠç¢—},https://tokyo-kitchen.icook.network/uploads/recipe/cover/232878/large_5e4e9fbd31a33ee9.jpg,https://icook.tw/recipes/232878
éŸ“å¼æ³¡èœ(æ•´é¡†),{å±±æ±å¤§ç™½èœ:1é¡†ï¼ˆç´„2æ–¤åŠï¼‰}{ç™½è˜¿è””:400å…‹}{ç´…è˜¿è””:50å…‹}{é’è”¥:ç´„åæ}{éŸ“åœ‹è¾£æ¤’ç²‰:100å…‹}{é¹½:1èŒ¶åŒ™}{é¹½(å¡—æŠ¹å¤§ç™½èœç”¨):ç´„100å…‹}{è˜‹æœ:åŠé¡†}{æ°´æ¢¨:åŠé¡†}{æ´‹è”¥:åŠé¡†}{è’œé ­:7å¤§é¡†}{è–‘:ä¸€å°æ®µ}{é­šéœ²:äº”å¤§åŒ™}{æœç³–(æˆ–ç³–):3å¤§åŒ™}{æ°´:500ml}{ç³¯ç±³ç²‰:2å¤§åŒ™}{é»‘ç³–:1å¤§åŒ™},https://tokyo-kitchen.icook.network/uploads/recipe/cover/229186/large_155c531d2983a694.jpg,https://icook.tw/recipes/229186
é†ƒå°é»ƒç“œ,{å°é»ƒç“œ:3æ¢}{é¹½å·´:1.5å°åŒ™}{ä¸­å‹è’œé ­:5é¡†}{å†°ç³–:1.5å¤§åŒ™}{é¦™æ²¹:1.5å¤§åŒ™}{é†‹:1.5å¤§åŒ™},https://tokyo-kitchen.icook.network/uploads/recipe/cover/223438/large_43a234c90ab07b10.jpg,https://icook.tw/recipes/223438
(è¶…ç°¡å–®)éŸ“å¼æ³¡èœ,{å¤§ç™½èœ:åŠé¡†}{é¹½å·´:åŠç¢—}{è”¥(æ–œåˆ‡):å…©æ ª}{èƒ¡è˜¿è””çµ²:å°‘è¨±}{éŸ“å¼è¾£æ¤’ç²‰:åŠç¢—}{é­šéœ²:1/4ç¢—}{ç³–:å…©æ¹¯åŒ™}{æ´‹è”¥:åŠé¡†}{è’œé ­:5é¡†}{è–‘(å»çš®):ä¸€å°å¡Š}{æ°´æ¢¨/è˜‹æœ/å¥‡ç•°æœ/é³³æ¢¨ æ“‡ä¸€:åŠç¢—}{ç™½é£¯:å…©æ¹¯åŒ™}{æ°´:åŠç¢—},https://tokyo-kitchen.icook.network/uploads/recipe/cover/216460/large_c9fd266c706b0985.jpg,https://icook.tw/recipes/216460
[éŸ“å¼é†ƒè˜¿è””]åšæ³•ç°¡å–®çš„é–‹èƒƒå°èœ,{ç™½è˜¿è””:400g}{æ°´:200g}{é†‹:4å¤§åŒ™}{é¹½:1å¤§åŒ™}{ç™½ç ‚ç³–:4å¤§åŒ™},https://tokyo-kitchen.icook.network/uploads/recipe/cover/212005/large_9b59f3cf237b1014.jpg,https://icook.tw/recipes/212005
ä¸ç”¨é†ƒè£½çš„å¥½åƒè„†ç“œ,{å°é»ƒç“œ:1æ–¤}{é†¬æ²¹:200g}{é»‘é†‹:180g}{ç³–:180g},https://tokyo-kitchen.icook.network/uploads/recipe/cover/210370/large_95b31716d59d0d1b.jpg,https://icook.tw/recipes/210370
è’œé¦™é†‰é†ƒé¹¹è›¤èœŠã€å…é–‹ä¼™ä¸‹é…’èœã€‘,{è›¤èœŠï¼ˆ1æ–¤ï¼‰:600g}{é’è”¥:2æ”¯}{è¾£æ¤’:2æ ¹}{å¤§è’œ:15ç“£}{è–‘ç‰‡:6ç‰‡}{é†¬æ²¹:6å¤§åŒ™}{ç±³é…’:4å¤§åŒ™}{ç´¹èˆˆé…’:2å¤§åŒ™}{å‘³é†‚:2å¤§åŒ™}{é¦™æ²¹:1å¤§åŒ™},https://tokyo-kitchen.icook.network/uploads/recipe/cover/209410/large_9ae44f644c4de3e8.jpg,https://icook.tw/recipes/209410
éŸ“å¼æŸšé¦™è˜¿è””,{ç™½è˜¿è””:åŠæ¢}{é¹½:2å°åŒ™}{ç³–:1å¤§åŒ™}{æ°´æœé†‹(æˆ–ç™½é†‹/ç±³é†‹):2å¤§åŒ™}{æŸšå­é†¬:0.5å¤§åŒ™}{æ°´:3å¤§åŒ™},https://tokyo-kitchen.icook.network/uploads/recipe/cover/208878/large_541b65bd17f724d3.jpg,https://icook.tw/recipes/208878
æ—¥å¼é†ƒæ¼¬è”¬èœ(æµ…æ¼¬ã‘),{å°é»ƒç“œ:2æ¢}{æ—¥å¼é«˜æ¹¯:200cc}{é¹½:2å°åŒ™},https://tokyo-kitchen.icook.network/uploads/recipe/cover/205975/large_ec5ca41566b64f93.jpg,https://icook.tw/recipes/205975
éŸ“å¼é†¬æ¼¬æ´‹è”¥--ì–‘íŒŒì§±ì•„ì§€,{æ´‹è”¥:4-5é¡†}{è¾£æ¤’:2æ¢}{æ°´:4}{é†¬æ²¹:2}{é†‹:1.5}{ç³–:1},https://tokyo-kitchen.icook.network/uploads/recipe/cover/204258/large_2b3aaaef18807e64.jpg,https://icook.tw/recipes/204258
ç³–æ¼¬è„†é†ƒå°é»ƒç“œ ç°¡æ˜“æ‡¶äººåšæ³•,{å°é»ƒç“œ:2æ¢}{ç³–:1å¤§åŒ™}{é«˜ç²±é…’é†‹(æˆ–ç±³é†‹):1å¤§åŒ™}{ç³–:1å¤§åŒ™}{é¹½:å°‘æ–¼1/4å°åŒ™},https://tokyo-kitchen.icook.network/uploads/recipe/cover/204026/large_8c3c1d5a996f8081.jpg,https://icook.tw/recipes/204026
â–«ï¸è¶…é–‹èƒƒâ–«ï¸ç³–é†‹æ¼¬æ´‹è”¥,{æ´‹è”¥:ä¸­å‹1é¡†}{é†¬æ²¹:4å¤§åŒ™}{å†·é–‹æ°´:4å¤§åŒ™}{é†‹:2å¤§åŒ™}{ç³–:2.5å°åŒ™},https://tokyo-kitchen.icook.network/uploads/recipe/cover/200124/large_114a45f8e80b5634.jpg,https://icook.tw/recipes/200124
ğŸ’¯ç¨å®¶ã€Šå°å¼æ³¡èœã€‹ç°¡å–®æ–™ç†å¥½åƒğŸ˜‹,{é«˜éº—èœ:åŠé¡†}{ç´…è˜¿è””çµ²ï¼ˆé‡è‡ªå·±æ–Ÿé…Œï¼‰:å°‘è¨±}{å·¥ç ”å£½å¸é†‹:150cc}{è’œé ­ä¸€å¤§é¡†ï¼ˆæŸï¼‰:ç´„6-7ç“£}{è¾£æ¤’ï¼ˆæœå¤©æ¤’ï¼‰:ä¸€æ ¹}{ç™½ç ‚ç³–:65g},https://tokyo-kitchen.icook.network/uploads/recipe/cover/197422/large_1691a48126f5e8c0.jpg,https://icook.tw/recipes/197422
è‡ªè£½è„†æ¢…,{é’æ¢…:10æ–¤}{é¹½å·´:600g}{ç ‚ç³–:2000g}{æ°´:é©é‡},https://tokyo-kitchen.icook.network/uploads/recipe/cover/196407/large_ad5cace4958fd2c9.jpg,https://icook.tw/recipes/196407
éŸ“å¼æ³¡èœ,{å±±æ±å¤§ç™½èœ:350g}{ç™½è˜¿è””çµ²:35g}{ç´…è˜¿è””çµ²:35g}{é¹½å·´:10g}{é›ªæ¢¨(æˆ–è˜‹æœ):35g}{è’œæœ«:3g}{è–‘æœ«:2g}{éŸ­èœ:65g}{è”¥:20g}{éŸ“åœ‹è¾£æ¤’ç²‰:50g}{é¹½å·´:16g}{ç³–:10g}{éŸ“åœ‹é­šéœ²:10g}{ç³¯ç±³ç²‰:7g}{ç†±é–‹æ°´:28g}{è¦ç±³(æˆ–è¦é†¬):7g},https://tokyo-kitchen.icook.network/uploads/recipe/cover/196271/large_5bb13b87f985f97e.jpg,https://icook.tw/recipes/196271
å°å¼æ³¡èœ,{é«˜éº—èœ:1750g}{é¹½:30g}{é†‹:180cc}{ç³–:100g}{è’œæœ«:60g}{è¾£æ¤’åˆ‡å°æ®µ:10g}{ç´…è˜¿è””(ä¸€æ ¹ï¼‰:160g}{é¹½:3g},https://tokyo-kitchen.icook.network/uploads/recipe/cover/195763/large_021cc7270b171d11.jpg,https://icook.tw/recipes/195763
å°å¼æ³¡èœ,{é«˜éº—èœ(å»èŠ¯):1å€‹}{ç´…è˜¿è””:1æ ¹}{é¹½:3å¤§åŒ™}{è’œé ­:15ç“£(é¸å¤§ç“£çš„)}{è¾£æ¤’:1æ¢}{æ°´:600ml}{ç³¯ç±³é†‹:300ml}{å†°ç³–:300å…¬å…‹}{èœ‚èœœ:60å…¬å…‹}{é…¸æ¢…:12é¡†},https://tokyo-kitchen.icook.network/uploads/recipe/cover/193751/large_1d6b8c41dc04012c.jpg,https://icook.tw/recipes/193751
æ¢…æ¼¬è•ƒèŒ„,{å°ç•ªèŒ„:1ç›’}{ç ‚ç³–:50g}{ç”˜ç”œé…¸æ¢…:8é¡†},https://tokyo-kitchen.icook.network/uploads/recipe/cover/185548/large_bcfa197bb33cfda2.jpg,https://icook.tw/recipes/185548
éŸ“å¼æ³¡èœ,{é¹½:3å¤§åŒ™}{å†·é–‹æ°´:é©é‡}{å±±æ±ç™½èœ1é¡†:1200g}{ç™½è˜¿è””1æ¢:400g}{ç´…è˜¿è””1æ¢:150g}{éŸ­èœ:1æŠŠ}{é’è”¥:8æ ¹}{è’œé ­:8ç“£}{éŸ“åœ‹è¾£æ¤’ç²‰:3-4å¤§åŒ™}{é­šéœ²:2-3å¤§åŒ™}{ç³–:2-3å¤§åŒ™},https://tokyo-kitchen.icook.network/uploads/recipe/cover/192344/large_2c726e6844671a22.jpg,https://icook.tw/recipes/192344
åŸä¾†å¦‚æ­¤ç°¡å–®åšçš„ã€å°å¼æ³¡èœã€ã€‚,{é«˜éº—èœ:500g}{ç™½é†‹:380ml}{æ°´:300ml}{å†°ç³–:120g}{è’œé ­:3ç“£}{è¾£æ¤’:ä¸€æ ¹}{è©±æ¢…:å…©ä¸‰é¡†},https://tokyo-kitchen.icook.network/uploads/recipe/cover/191879/large_21bd72a7b3431ccc.jpg,https://icook.tw/recipes/191879
ä¸€æ¬¡æå®šï¼èœ‚èœœæ¢…æ¼¬ç•ªèŒ„ï¼‹ç•ªèŒ„æ¢…èœ‚èœœé£²,{å°ç•ªèŒ„:600g}{ç³–:10g}{è©±æ¢…:10é¡†}{æ°´:300g}{èœ‚èœœ:30g},https://tokyo-kitchen.icook.network/uploads/recipe/cover/190097/large_3d1ed2f7072924c6.jpg,https://icook.tw/recipes/190097
é†ƒæ¼¬èœå¿ƒ,{Aèœèœå¿ƒ:å››æ¢}{è’œæœ«:3é¡†}{è¾£æ¤’:ä¸€æ¢}{é¹½ï¼ˆèœå¿ƒå‡ºæ°´ç”¨ï¼‰:ä¸€åŒ™}{é†‹:ä¸€åŒ™}{ç³–:ä¸€åŒ™}{é¦™æ²¹:äº›è¨±},https://tokyo-kitchen.icook.network/uploads/recipe/cover/189285/large_5eb2886b58c5b2ee.jpg,https://icook.tw/recipes/189285
æŸ”é˜¿å¬¤é…æ–¹ï½è‡ªè£½ã€å‘³é†‚ï¼‹å°å¼æ³¡èœã€,{éæ¿¾æ°´:5ç¢—}{ç´°å†°ç³–:5ç¢—}{å·¥ç ”ç™½é†‹:5ç¢—}{é«˜éº—èœ:1é¡†}{ç´…è˜¿è””:1æ¢}{é¹½:1åŒ™}{ç´…è¾£æ¤’:é©é‡}{è’œé ­:é©é‡}{å†·é–‹æ°´:ä¸€é‹}{ç»ç’ƒç½æˆ–ä¿é®®ç›’:é©é‡}{åæ–¤è€ç†±è¢‹:1å€‹},https://tokyo-kitchen.icook.network/uploads/recipe/cover/188577/large_3ce7917b9a47c749.jpg,https://icook.tw/recipes/188577
æ—¥å¼é†ƒè˜¿è””,{ç™½è˜¿è””:1æ¢ï¼ˆç´„400gï¼‰}{ç³–:40g}{é¹½:10g}{é†‹:20g},https://tokyo-kitchen.icook.network/uploads/recipe/cover/187414/large_c7eac9de172aa12e.jpg,https://icook.tw/recipes/187414
æ„›åª½åšéŸ“å¼æ³¡èœ,{å±±æ±å¤§ç™½èœ:1800g}{ç™½è˜¿è””:300g}{ç´…è˜¿è””:100g}{è”¥æ®µ:30g}{è–‘æ³¥:25g}{è’œæ³¥:50g}{ç´°ç ‚ç³–:60g}{é­šéœ²:45g}{éŸ“åœ‹è¾£æ¤’ç²‰:100g}{è˜‹æœ:1å€‹}{æ°´æ¢¨:1å€‹},https://tokyo-kitchen.icook.network/uploads/recipe/cover/187183/large_731c5e563ab806ff.jpg,https://icook.tw/recipes/187183
éŸ“å¼æ³¡èœ,{åŒ…å¿ƒç™½èœ:3å…¬æ–¤}{ç™½è˜¿è””:200g}{ç´…è˜¿è””:150g}{éŸ“å¼è¾£æ¤’ç²‰:100g}{é­šéœ²:100g}{è”¥:80g}{è’œæ³¥:100g}{è–‘æ³¥:30g}{æ´‹è”¥æ³¥:100g}{é¹½ï¼ˆè»ŸåŒ–ç”¨ï¼‰:3å¤§åŒ™}{ç³¯ç±³ç²‰:50g}{æ°´:400g}{ç³–:90g},https://tokyo-kitchen.icook.network/uploads/recipe/cover/185181/large_e00656c9f293ac5d.jpg,https://icook.tw/recipes/185181
æ¢…æ¼¬å°ç•ªèŒ„,{å°ç•ªèŒ„:600g}{æ¸…æ°´:500cc}{å†°ç³–:3å¤§åŒ™}{è©±æ¢…:15é¡†},https://tokyo-kitchen.icook.network/uploads/recipe/cover/184955/large_f3dc6be9e030abce.jpg,https://icook.tw/recipes/184955
å°å¼æ³¡èœ,{é«˜éº—èœ:1/3é¡†}{ç´…è˜¿è””:å°‘è¨±}{é¹½:1å°åŒ™}{è’œé ­:5ç“£}{è¾£æ¤’:1/2æ ¹}{å£½å¸é†‹(æˆ–ç™½é†‹ã€ç³¯ç±³é†‹):1ç±³æ¯}{äºŒç´šç ‚ç³–:1/2ç±³æ¯}{å†·é–‹æ°´:1åˆ1/2ç±³æ¯},https://tokyo-kitchen.icook.network/uploads/recipe/cover/184774/large_11547b757307e2b1.jpg,https://icook.tw/recipes/184774
å°å¼æ³¡èœ,{é«˜éº—èœ(å»èŠ¯):1é¡†(ç´„800g)}{é¹½:1å¤§åŒ™}{ç´…è˜¿è””:1æ ¹}{è’œæœ«:12~15ç“£}{è¾£æ¤’:1æ¢}{ç ‚ç³–:300g}{èœ‚èœœ:50g}{ç³¯ç±³é†‹:300g}{æ°´:600g}{è©±æ¢…(å¯çœç•¥):10é¡†},https://tokyo-kitchen.icook.network/uploads/recipe/cover/183053/large_0766d75338f08bef.jpg,https://icook.tw/recipes/183053
å¿«é€ŸéŸ“å¼æ³¡èœ,{å¤§ç™½èœ:600g}{é«˜éº—èœ:600g}{ç´…è˜¿è””(åˆ‡çµ²):1æ¢}{é¹½:1å¤§åŒ™}{éŸ“å¼è¾£æ¤’é†¬:4.5å¤§åŒ™}{è’œæœ«:2å¤§åŒ™}{è–‘æœ«:2å¤§åŒ™}{è”¥(åˆ‡æ®µ):2æ”¯}{ç³–:1.5å¤§åŒ™}{é¹½:1/3å¤§åŒ™},https://tokyo-kitchen.icook.network/uploads/recipe/cover/182469/large_d5ae6bae42d40227.jpg,https://icook.tw/recipes/182469
å°å¼æ³¡èœ,{é«˜éº—èœ:2é¡†ï¼ˆä¸­å¤§é¡†çš„ï¼‰}{ç´…è˜¿è””:1æ¢ï¼ˆå¤§æ¢ï¼‰}{å°é»ƒç“œï¼ˆå¯æœ‰å¯ç„¡ï¼‰:2-3æ¢}{ç³¯ç±³é†‹:5-6å¤§æ¹¯åŒ™}{é»ƒç ‚ç³–:4-5å¤§æ¹¯åŒ™}{å†·é–‹æ°´:æ·¹éé«˜éº—èœ}{å°è¾£æ¤’ï¼ˆå¯ç„¡ï¼‰:2æ ¹}{é¹½:4-6å¤§æ¹¯åŒ™},https://tokyo-kitchen.icook.network/uploads/recipe/cover/181721/large_51f3c086dc3e695c.jpg,https://icook.tw/recipes/181721
é†ƒè˜¿è””,{ç™½è˜¿è””:ç´„800å…¬å…‹}{é¹½:2å¤§åŒ™}{è”æé†‹(æˆ–ä»»ä½•æ°´æœé†‹æˆ–ç™½é†‹):200å…¬å…‹}{äºŒç´šç ‚ç³–(æˆ–ç™½ç³–:100å…¬å…‹}{è¾£æ¤’:é©é‡},https://tokyo-kitchen.icook.network/uploads/recipe/cover/181358/large_f3f46ed4dbc7af51.jpg,https://icook.tw/recipes/181358
é†¬æ¼¬è˜¿è””ä¹¾,{ç™½ç‰è˜¿è””:10æ–¤}{é¹½:3å¤§åŒ™}{è±†ç“£é†¬:1å¤§ç“¶}{ç™½é†‹:2ç¢—}{å†°ç³–æˆ–äºŒç ‚ç³–:3ç¢—}{é¦™æ²¹:1å°ç“¶},https://tokyo-kitchen.icook.network/uploads/recipe/cover/180171/large_08a2930169b79a77.jpg,https://icook.tw/recipes/180171
ã€å¿«é€Ÿæ³•ã€‘é†ƒæ¼¬èœå¿ƒğŸ¶,{é’èŠ±æ¤°èœæ¢—:2æ}{è’œé ­:5å°ç²’}{é¹½:é©é‡}{é†¬æ²¹:3å¤§åŒ™},https://tokyo-kitchen.icook.network/uploads/recipe/cover/179896/large_7f937f88a405a756.jpg,https://icook.tw/recipes/179896
ç¾©å¼é†ƒæ¼¬é¢¨ä¹¾ç•ªèŒ„,{å°ç•ªèŒ„:400g}{å¤§è’œ:3å€‹}{ä¹¾é…ªå¡Š:3å€‹}{æœˆæ¡‚è‘‰:2ç‰‡}{ç¾…å‹’è‘‰:é©é‡}{ç™¾é‡Œé¦™:é©é‡}{é»‘èƒ¡æ¤’:é©é‡}{ç¾©å¼é¦™æ–™:é©é‡}{é¹½:å°‘é‡},https://tokyo-kitchen.icook.network/uploads/recipe/cover/179641/large_f8eb79a45f3440f1.jpg,https://icook.tw/recipes/179641
èœœæ¼¬ç™½ç‰æ³¡èœ,{ç™½è˜¿è””:1æ¢}{é¹½å·´:1å°æŠŠ}{ç ‚ç³–:1åŒ™}{èœ‚èœœ:1åŒ™}{ç³¯ç±³é†‹:100cc}{å†·é–‹æ°´:100cc},https://tokyo-kitchen.icook.network/uploads/recipe/cover/179373/large_bfc865cd08f388dc.jpg,https://icook.tw/recipes/179373
æ—¥å¼é†ƒè˜¿è””,{è˜¿è””:1æ¢}{é¹½:1å¤§åŒ™}{æ°´:120CC}{ç™½é…’é†‹æˆ–ç™½é†‹:120CC}{ç³–:5å¤§åŒ™}{æ¸…é…’:1å¤§åŒ™}{æœˆæ¡‚è‘‰:2ç‰‡}{è¾£æ¤’:1æ ¹}{èŠ¥æœ«ç±½ï¼ˆé¸ç”¨ï¼‰:0.5å°åŒ™}{èŠ«è½ç±½ï¼ˆé¸ç”¨ï¼‰:0.5å°åŒ™},https://tokyo-kitchen.icook.network/uploads/recipe/cover/179004/large_dde34f6a3edb1b72.jpg,https://icook.tw/recipes/179004
æ¢…æ¼¬é…¸ç”œå°é»ƒç“œ,{ä¸­å‹å°é»ƒç“œ:2æ¢}{å¡©:1å°åŒ™}{ç´°ç ‚ç³–:1.5~2å¤§åŒ™}{ç™½é†‹:3å¤§åŒ™}{ç”œèŠæ¢…:3é¡†},https://tokyo-kitchen.icook.network/uploads/recipe/cover/178839/large_fdd30979612ea77c.jpg,https://icook.tw/recipes/178839
èœœæ¼¬æ©™ç‰‡(å…«å¤©ç‰ˆ),{å°ç£æŸ³ä¸:15å€‹}{ç³–:2000å…‹},https://tokyo-kitchen.icook.network/uploads/recipe/cover/178581/large_f1f3b6d9a7b57316.jpg,https://icook.tw/recipes/178581
é†‹é†ƒå°é»ƒç“œ,{å°é»ƒç“œ:5æ¢}{é¹½:1åŒ™}{ç³¯ç±³é†‹:2å¤§åŒ™}{ç³–:1åŒ™},https://tokyo-kitchen.icook.network/uploads/recipe/cover/169702/large_c303fb54597387ca.jpg,https://icook.tw/recipes/169702
[ç™¾é¦™æœé†ƒå°é»ƒç“œ]æ¿ƒæ¿ƒå¤©ç„¶æœé¦™æ¶¼æ‹Œèœ,{å°é»ƒç“œ:2æ¢}{ç™¾é¦™æœ:1å€‹}{è’œé ­:2ç“£}{é¹½:é©é‡}{ç³–:é©é‡}{æ°´æœé†‹:é©é‡}{å†·å£“æ©„æ¬–æ²¹:å°‘è¨±},https://tokyo-kitchen.icook.network/uploads/recipe/cover/176690/large_97e0449b9850bdce.jpg,https://icook.tw/recipes/176690
é†ƒæ¼¬èŠ±æ¤°èœ,{ç™½èŠ±æ¤°èœ:1é¡†}{ç™½é…’é†‹ï¼ˆæˆ–ç™½é†‹ï¼‰:200CC}{æ°´:400CC}{ç³–:6å¤§åŒ™}{æ´‹è”¥:åŠå€‹}{è¾£æ¤’:2æ ¹}{é¹½:1å°åŒ™},https://tokyo-kitchen.icook.network/uploads/recipe/cover/174942/large_76e6eb288307bc73.jpg,https://icook.tw/recipes/174942
èœœæ¼¬ç´…è˜¿è””,{ç´…è˜¿è””:500g}{èµ¤ç³–:100g}{è©±æ¢…:6é¡†}{èœ‚èœœ:2å¤§åŒ™}{æª¸æª¬æ±:1é¡†é‡},https://tokyo-kitchen.icook.network/uploads/recipe/cover/174941/large_679c361c479dd1be.jpg,https://icook.tw/recipes/174941
 æŸšé¦™é†ƒæ¼¬ç™½è˜¿è”” [å½±ç‰‡ç¤ºç¯„],{ç™½è˜¿è””:600g}{é¹½:2å°åŒ™}{ç³–:1å¤§åŒ™}{è˜‹æœé†‹:3å¤§åŒ™}{æŸšå­é†¬:90g},https://tokyo-kitchen.icook.network/uploads/recipe/cover/171586/large_e0725aec9202894d.jpg,https://icook.tw/recipes/171586
é†¬æ²¹è„†ç“œ,{å°é»ƒç“œ:740g}{é¹½å·´:22g}{é†¬æ²¹:110g}{äºŒç ‚ç³–:110g}{ç™½é†‹:37g},https://tokyo-kitchen.icook.network/uploads/recipe/cover/170925/large_212f4657430ee825.jpg,https://icook.tw/recipes/170925
èœœæ¼¬å°ç•ªèŒ„,{å°ç•ªèŒ„:2æ–¤}{æ¢…å­ä¹¾:15å€‹}{èœ‚èœœ:200g}{æº«é–‹æ°´:500cc}{æª¸æª¬æ±:2å¤§åŒ™}{å†°å¡Šã€å†°æ°´:é©é‡},https://tokyo-kitchen.icook.network/uploads/recipe/cover/169405/large_9d18bcfc531f62a0.jpg,https://icook.tw/recipes/169405
æ¢…æ¼¬è„†ç‰è‹¦ç“œ,{è‹¦ç“œ:1æ¢}{ç³–:5å¤§åŒ™}{æ¢…å­:8é¡†}{æ°´:500cc},https://tokyo-kitchen.icook.network/uploads/recipe/cover/168433/large_1327524831ac56cc.jpg,https://icook.tw/recipes/168433
èœ‚èœœæ¼¬æª¸æª¬,{æª¸æª¬:15é¡†(æˆ–éš¨æ„)}{èœ‚èœœ:é©é‡},https://tokyo-kitchen.icook.network/uploads/recipe/cover/168796/large_ff4a63d0c282586c.jpg,https://icook.tw/recipes/168796
(æ°´æœ)å¤æ—©å‘³ç”˜è‰èŠ­æ¨‚,{ç¡¬èŠ­æ¨‚:6é¡†}{æ°´:2å…¬å‡}{é¹½:1T(å¤§åŒ™)}{å†°é–‹æ°´:1å…¬å‡}{æ¢…å­ç²‰:3T(å¤§åŒ™)}{äºŒè™Ÿç ‚ç³–:2T(å¤§åŒ™)},https://tokyo-kitchen.icook.network/uploads/recipe/cover/167656/large_5d345c44f71e4b85.jpg,https://icook.tw/recipes/167656
ç°¡æ˜“çˆ½è„†å°å¼æ³¡èœ,{é«˜éº—èœå°é¡†ç´„400g:1é¡†}{ç´…è˜¿è””ç‰‡:é©é‡}{è¾£æ¤’:1æ¢}{è’œé ­:4ç“£}{é¹½:10g}{ç³–:30g}{ç™½é†‹(Heinzï¼‰40g:2æ¹¯åŒ™}{é¦™æ²¹:åŠæ¹¯åŒ™},https://tokyo-kitchen.icook.network/uploads/recipe/cover/166975/large_540546896ef91b04.jpg,https://icook.tw/recipes/166975
é†ƒå«©è–‘,{åˆ‡ç‰‡å¾Œå«©è–‘:190g}{é¹½å·´:10g}{ç³–:50g}{ç™½é†‹:15g},https://tokyo-kitchen.icook.network/uploads/recipe/cover/164500/large_39543e2adaf0b129.jpg,https://icook.tw/recipes/164500
æƒ…äººæœ,{åœŸèŠ’æœé’(å‰Šçš®å»ç±½):600g}{é¹½å·´:25g}{ç™½ç ‚ç³–:250g}{æ¢…å­:é©é‡},https://tokyo-kitchen.icook.network/uploads/recipe/cover/166711/large_441c8e9d9a127cd2.jpg,https://icook.tw/recipes/166711
éŸ“å¼æ³¡èœ,{å¤§ç™½èœ:ã„§é¡†}{ç²—é¹½:1/2ç¢—}{å†·é–‹æ°´:å…©ç¢—}{è”¥:5æ ¹}{è–‘æœ«:10cm2æ ¹}{è’œæœ«:6ï½8é¡†}{ç´…è˜¿è””:1æ¢}{éŸ“å¼è¾£æ¤’ç²‰:2æ¯}{éŸ“å¼è¦é†¬:1/2å¤§åŒ™}{éŸ“åœ‹é­šéœ²:100ml}{ç™½ç³–:åŠç¢—}{å†·é–‹æ°´:500cc}{æ´‹è”¥:1é¡†},https://tokyo-kitchen.icook.network/uploads/recipe/cover/165838/large_18e9b6b6786a1687.jpg,https://icook.tw/recipes/165838
é‡‘æ¡”æœé†‹é†ƒæ¼¬è•ƒèŒ„,{è•ƒèŒ„:è•ƒèŒ„  2~4é¡†}{æœé†‹:æœé†‹  100cc}{é–‹æ°´:é–‹æ°´  150cc}{ç³–:2~3å¤§åŒ™},https://tokyo-kitchen.icook.network/uploads/recipe/cover/164622/large_18d7efac10c43f2f.jpg,https://icook.tw/recipes/164622
è»Šå‹å…ƒ10åˆ†é˜é®®é†ƒæ³¡èœ,{ç™½èœ:1/6é¡†}{è”¥:1-2æ ¹}{éŸ“å¼è¾£æ¤’é†¬:2æ¹¯åŒ™}{è¾£æ¤’ç²‰:2æ¹¯åŒ™}{ç³–:1æ¹¯åŒ™}{ç™½é†‹:1.5æ¹¯åŒ™}{è’œæ³¥:1æ¹¯åŒ™}{éº»æ²¹:1æ¹¯åŒ™}{é¹½:å°‘è¨±}{èŠéº»:å¯åŠ å¯ä¸åŠ }{é­šéœ²:æˆ‘ç”¨æ³°å¼},https://tokyo-kitchen.icook.network/uploads/recipe/cover/164143/large_72ecceba5e314e19.jpg,https://icook.tw/recipes/164143
ç°¡æ˜“é†ƒé…¸è¾£å°é»ƒç“œè˜¿è””,{ç´…è˜¿è””:3æ¢}{å°é»ƒç“œ:1æ¢}{ç™½é†‹:180æ¯«å‡}{ç³–:15å…‹}{å…«è§’:1å€‹}{ç´…è¾£æ¤’ ï¼ˆå¯çœç•¥ï¼‰:1-2æ¢},https://tokyo-kitchen.icook.network/uploads/recipe/cover/161402/large_2210c45a400de497.jpg,https://icook.tw/recipes/161402
æ¢…å­æƒ…äººæœ,{é’èŠ’æœ(å»çš®å»æ ¸):1280g}{é¹½(æ³¡æ°´ç”¨):1å°åŒ™}{é¹½(æ®ºé’ç”¨):38g}{ç™½ç ‚ç³–:425g}{è©±æ¢…:12å€‹},https://tokyo-kitchen.icook.network/uploads/recipe/cover/161425/large_831f92fae87eed20.jpg,https://icook.tw/recipes/161425
ç”˜æ¢…è„†ç“œ,{å°é»ƒç“œ:1æ–¤}{é†¬æ²¹:100g}{ç³–:80gï¼ˆå¯å¢æ¸›ï¼‰}{çƒé†‹:50g}{ç™½é†‹:20g}{ç”˜æ¢…:3é¡†ï¼ˆå¯å¢æ¸›ï¼‰},https://tokyo-kitchen.icook.network/uploads/recipe/cover/160607/large_5120b04d23ca092f.jpg,https://icook.tw/recipes/160607
éŸ“å¼é†ƒè˜¿è””åœ“ç‰‡ìŒˆë¬´,{ç™½è˜¿è””:é©é‡}{æ°´:ä¸€ç±³æ¯}{é†‹:åŠç±³æ¯}{ç™½ç ‚ç³–:åŠç±³æ¯}{é¹½å·´:ä¸€å°åŒ™}{èŠ¥æœ«:ä¸€å°åŒ™},https://tokyo-kitchen.icook.network/uploads/recipe/cover/159468/large_5ed9f9027686810b.jpg,https://icook.tw/recipes/159468
éŸ“å¼é†ƒæ¼¬æ´‹è”¥ì–‘íŒŒì¥ì•„ì°Œ,{å°å‹æ´‹è”¥:ä¸‰é¡†}{ç´…è¾£æ¤’:äº›è¨±}{ç¶ è¾£æ¤’:äº›è¨±}{æ°´:ä¸€ç±³æ¯}{é†¬æ²¹:ä¸€ç±³æ¯}{é†‹:ä¸€ç±³æ¯}{ç™½ç ‚ç³–:ä¸€ç±³æ¯}{èƒ¡æ¤’ç²‰:äº›è¨±},https://tokyo-kitchen.icook.network/uploads/recipe/cover/158653/large_e95472d3171a8cda.jpg,https://icook.tw/recipes/158653
å¬¤ä¹‹å‘³è„†ç“œ,{å°é»ƒç“œ:3æ–¤}{é£Ÿé¹½:1å…©}{é†¬æ²¹:8åˆ†ç¢—}{çƒé†‹:8åˆ†ç¢—}{å†°ç³–:8åˆ†ç¢—}{è©±æ¢…:1é¡†},https://tokyo-kitchen.icook.network/uploads/recipe/cover/157901/large_8431c3d1c9537ee1.jpg,https://icook.tw/recipes/157901
é†‹æ¼¬å°è•ƒèŒ„ ã€å¥åº·é–‹èƒƒå°åƒã€‘,{æ«»æ¡ƒè•ƒèŒ„:300å…‹}{ç™½é…’:150æ¯«å‡}{èœ‚èœœ:1å¤§åŒ™}{è˜‹æœé†‹/ ç™½é†‹:3å¤§åŒ™},https://tokyo-kitchen.icook.network/uploads/recipe/cover/153275/large_a4c9bce4ad7dcd32.jpg,https://icook.tw/recipes/153275
å°å¼æ³¡èœ,{é«˜éº—èœ:ä¸€é¡†}{ç´…è˜¿è””:1æ ¹}{å°é»ƒç“œ:1æ ¹}{è¾£æ¤’:1æ ¹}{è’œæœ«:2å¤§åŒ™}{é¹½:3å¤§åŒ™}{è©±æ¢…(å¯çœç•¥):5é¡†}{ç™½é†‹:1.5å¤§æ¯}{å†°ç³–/ç ‚ç³–:1å¤§æ¯}{å†·é–‹æ°´:2å¤§æ¯},https://tokyo-kitchen.icook.network/uploads/recipe/cover/155881/large_ff1490b55842ffa9.jpg,https://icook.tw/recipes/155881
æ¢…å­æ¼¬å°è•ƒèŒ„,{å°è•ƒèŒ„ï¼ˆè–å¥³è•ƒèŒ„ä¹Ÿå¯ï¼‰:600g}{ç´¹èˆˆæ¢…:7-8é¡†}{æ°´:250c.c.}{å†°ç³–:1.5å¤§åŒ™},https://tokyo-kitchen.icook.network/uploads/recipe/cover/155664/large_0baf2c80eb171949.jpg,https://icook.tw/recipes/155664
å°å¼æ³¡èœ,{é«˜éº—èœ:700g}{é¹½:1å¤§åŒ™}{èƒ¡è˜¿è””:100g}{ç†±é–‹æ°´:120g}{äºŒç ‚ç³–:100g}{èœ‚èœœ:50g}{ç™½é†‹:180g}{æª¸æª¬:1/2é¡†}{ç»ç’ƒå™¨çš¿:1åª},https://tokyo-kitchen.icook.network/uploads/recipe/cover/152387/large_bf9fd91e7b00335b.jpg,https://icook.tw/recipes/152387
é›¶å»šè—ä¹Ÿèƒ½å®Œæˆçš„é–‹èƒƒé…èœã€‚è‡ªè£½è„†ç“œ,{å°é»ƒç“œ:3æ¢}{ç ‚ç³–:1ç¢—}{çƒé†‹:1ç¢—}{é†¬æ²¹:1ç¢—},https://tokyo-kitchen.icook.network/uploads/recipe/cover/149101/large_c5872a3c787c7d1a.jpg,https://icook.tw/recipes/149101
é†ƒæ¼¬å°è•ƒèŒ„,{å°è•ƒèŒ„:600å…¬å…‹}{ç ‚ç³–:2å¤§åŒ™}{é†‹:1å¤§åŒ™},https://tokyo-kitchen.icook.network/uploads/recipe/cover/147135/large_0fad3f76c8e3b0a2.jpg,https://icook.tw/recipes/147135
éŸ“å¼æ³¡èœ,{ç™½èœ:ç´„1200g}{é¹½(é†ƒç™½èœ):25~30g}{ç™½è˜¿è””:200g}{ç´…è˜¿è””:100g}{éŸ­èœ:5~7æ”¯}{è”¥:3~5æ”¯}{ç³–:5~8å¤§åŒ™}{é­šéœ²:5å¤§åŒ™å·¦å³}{éŸ“åœ‹è¾£ç²‰:50~70g}{éŸ“åœ‹è¾£é†¬:80~100g}{è˜‹æœ(ä¸­å‹):1é¡†}{æ´‹è”¥(ä¸­å‹):ç´„200g}{è–‘:ç´„30g},https://tokyo-kitchen.icook.network/uploads/recipe/cover/146135/large_595f758bbb3230e7.jpg,https://icook.tw/recipes/146135
æ¢…æ¼¬è•ƒèŒ„,{å°è•ƒèŒ„:ç´„20é¡†}{è©±æ¢…:ç´„10é¡†}{èœ‚èœœ:2å¤§åŒ™}{å†°ç³–:2å¤§åŒ™}{è˜‹æœé†‹:1å°åŒ™}{æ°´:500cc},https://tokyo-kitchen.icook.network/uploads/recipe/cover/143328/large_1a54f2773a4c8de4.jpg,https://icook.tw/recipes/143328
_ é†ƒç™½è˜¿è”” ä¹‹ä¸€,{ç™½è˜¿è””:1/2æ ¹}{ç”Ÿè¾£æ¤’:1æ”¯}{è’œ:2ç“£}{å¡©:3å…‹}{ç³–:15å…‹}{é†‹:é©é‡},https://tokyo-kitchen.icook.network/uploads/recipe/cover/141471/large_a330d070fbe6aae0.jpg,https://icook.tw/recipes/141471
ä¸€ç½è£å¯æ„›é›¶å¤±æ•—å°å¼æ³¡èœ,{é«˜éº—èœ:ä¸€é¡†}{ç´…è˜¿è””:é©é‡}{è’œé ­:6é¡†}{é†‹:ä¸€æ¯}{ç³–:ä¸€æ¯}{è¾£æ¤’:é©é‡}{é¹½:é©é‡},https://tokyo-kitchen.icook.network/uploads/recipe/cover/141032/large_859b93a6870cbe1c.jpg,https://icook.tw/recipes/141032
å‘³å™Œé†ƒè˜¿è””,{ç™½è˜¿è””ï¼ˆå»çš®ï¼‰:6æ–¤}{ç™½é†‹:1ç¢—}{è’œé ­ï¼ˆåˆ‡æœ«ï¼‰:1ç¢—}{é¹½ï¼ˆè»ŸåŒ–ç”¨ï¼‰:åŠç¢—}{å‘³å™Œ:850g}{ç³–:300g}{è±†ç“£é†¬:1ç¢—ï¼ˆåƒé£¯ç¢—ï¼‰}{è¾£æ²¹:åŠç¢—}{æ°´:1000cc},https://tokyo-kitchen.icook.network/uploads/recipe/cover/139997/large_8bdee4a31f029d1a.jpg,https://icook.tw/recipes/139997
æ—¥å¼æŸšé¦™æ¼¬è˜¿è””,{è˜¿è””å¡Š:970g},https://tokyo-kitchen.icook.network/uploads/recipe/cover/138821/large_2ada428959cc689f.jpg,https://icook.tw/recipes/138821
çˆ½è„†é†¬é†ƒè˜¿è””,{ç™½è˜¿è””ä¸€æ¢:ç´„770g}{é¹½:1å¤§åŒ™}{æ·¡è‰²é†¬æ²¹:1é‡ç±³æ¯}{ç™½é†‹:1/2é‡ç±³æ¯}{æ—¥å¼å‘³é†‚:1/2é‡ç±³æ¯}{ç ‚ç³–:3å¤§åŒ™}{è’œé ­:4ç“£}{è¾£æ¤’:1æ¢},https://tokyo-kitchen.icook.network/uploads/recipe/cover/138326/large_00f978d23b3a5969.jpg,https://icook.tw/recipes/138326
å°å¼æ³¡èœ,{é«˜éº—èœ:1é¡†}{ç´…è˜¿è””:åŠæ¢}{ç³¯ç±³é†‹:é©é‡}{é¹½å·´:é©é‡}{ç´°ç ‚ç³–:é©é‡}{é¦™æ²¹:å°‘é‡},https://tokyo-kitchen.icook.network/uploads/recipe/cover/138021/large_81221728b9c06a12.jpg,https://icook.tw/recipes/138021
DIYé†ƒæ¼¬æ¢…å­,{é’æ¢…:20é¡†}{é¹½å·´:é©é‡}{ç³–:é©é‡}{æ°´:é©é‡}{ç´«è˜‡:é©é‡},https://tokyo-kitchen.icook.network/uploads/recipe/cover/138106/large_19e19ca4ae659cdc.jpg,https://icook.tw/recipes/138106
é†ƒè£½è¾£è˜¿è””,{è˜¿è””:2700g}{é¹½:60g}{ç³–:170g}{é†‹:125cc}{è¾£è±†ç“£é†¬:125cc},https://tokyo-kitchen.icook.network/uploads/recipe/cover/137289/large_1ff09789102014ea.jpg,https://icook.tw/recipes/137289
èœœæ¢…æ¼¬è•ƒèŒ„,{å°è•ƒèŒ„:600g}{æ»¾æ°´:ä¸€é‹}{å†°æ°´:ä¸€é‹}{å†°å¡Š(å¯çœç•¥):é©é‡}{é–‹æ°´:700c.c.}{è©±æ¢…:15å€‹}{å†°ç³–:40g}{èœ‚èœœ:1å¤§åŒ™},https://tokyo-kitchen.icook.network/uploads/recipe/cover/137140/large_58a4094c6e27a61b.jpg,https://icook.tw/recipes/137140
å°å¼æ³¡èœ,{é«˜éº—èœ:1200å…¬å…‹å¤§ç´„ä¸€é¡†}{ç´…è˜¿è””:é©é‡}{ç™½ç ‚ç³–:150å…¬å…‹}{ç™½é†‹ï¼ˆç³¯ç±³é†‹ï¼‰:200cc}{æ°´:150cc}{è¾£æ¤’:é©é‡}{é¹½:å…©å°åŒ™},https://tokyo-kitchen.icook.network/uploads/recipe/cover/137055/large_aa3c4ac439fc1693.jpg,https://icook.tw/recipes/137055
ç³–æ¼¬æŸšå­çš®,{æŸšå­:3å€‹}{é¹½:1å°åŒ™}{æª¸æª¬:åŠå€‹}{ç³–:380g},https://tokyo-kitchen.icook.network/uploads/recipe/cover/136439/large_e22504cfb8fa5b90.jpg,https://icook.tw/recipes/136439
å¤æ—©å‘³é†ƒè˜¿è””,{ç™½è˜¿è””(ä¸­å‹çš„):ä¸€æ¢}{[é†ƒé†¬]è¾£æ¤’:å…©æ ¹}{[é†ƒé†¬]è’œæœ«:3ç²’}{[é†ƒé†¬]æ·¡è‰²é†¬æ²¹:100CC}{[é†ƒé†¬]ç³–(è«‹ä¾å€‹äººå–œå¥½):é…Œé‡}{[é†ƒé†¬]ç™½é†‹:30CC}{[é†ƒé†¬]ç±³é…’:30CC}{é¹½:2æ¹¯åŒ™},https://tokyo-kitchen.icook.network/uploads/recipe/cover/136156/large_5df965a3ca5c188e.jpg,https://icook.tw/recipes/136156
é¹½æ¼¬æª¸æª¬,{ç„¡æ¯’ä¸”è¡¨çš®ç„¡è Ÿçš„æª¸æª¬:3é¡†}{é¹½:æª¸æª¬é‡é‡çš„30ï¼…},https://tokyo-kitchen.icook.network/uploads/recipe/cover/134511/large_44a2a8a9c132c647.jpg,https://icook.tw/recipes/134511
å°å¼æ³¡èœ,{é«˜éº—èœ:200g}{ç´…è˜¿è””:30g}{é¹½å·´:1å¤§åŒ™}{é»‘èƒ¡æ¤’ç²’:1å°åŒ™}{é†‹/æ°´/ç³–:å„ä¸€æ¯},https://tokyo-kitchen.icook.network/uploads/recipe/cover/134055/large_0ae613378cd586a4.jpg,https://icook.tw/recipes/134055
å¤¢å¹»ç”œé»â˜…æ³•å¼å·§å…‹åŠ›ç³–æ¼¬æ©™ç‰‡,{é¦™å‰å£«:5å€‹}{ç ‚ç³–:èˆ‡æ©™ç‰‡ç­‰é‡}{è‹¦ç”œå·§å…‹åŠ›:é©é‡},https://tokyo-kitchen.icook.network/uploads/recipe/cover/132521/large_6bda798c24e141ab.jpg,https://icook.tw/recipes/132521
éŸ“å¼æ³¡èœ,{å¤§ç™½èœ:ä¸€é¡†}{ç´…è˜¿è””:ä¸€æ¢}{ç™½è˜¿è””:ä¸€æ¢}{éŸ­èœ:ä¸€æŠŠ}{æ´‹è”¥:ä¸€é¡†}{ç´…è¾£æ¤’:3æ¢}{è’œç±³:å…­ç“¢}{å§œ:ä¸€å°å¡Š}{é­šéœ²:å››å¤§åŒ™}{è¦é†¬:å…©å¤§åŒ™}{æ´‹è”¥:1/4é¡†}{ç³¯ç±³ç²‰:å…©å¤§åŒ™}{éŸ“å¼è¾£æ¤’ç²‰:åˆ†é‡æ–Ÿé…Œ}{æ¢¨å­:ä¸€é¡†},https://tokyo-kitchen.icook.network/uploads/recipe/cover/132378/large_71d67b0e6cbf7f2b.jpg,https://icook.tw/recipes/132378
è¶…é–‹èƒƒé†ƒå¤§é ­èœ,{å¤§é ­èœ:1é¡†}{é¹½å·´:é©é‡}{ç™½é†‹:3å¤§åŒ™}{è¾£æ¤’æ¢:2æ¢}{ç³–:1å¤§åŒ™}{é¦™èœ:äº›è¨±}{ç´…è˜¿è””:åŠæ¢}{æª¸æª¬:åŠé¡†}{ç¢è’œ:äº”é¡†}{é­šéœ²:2å¤§åŒ™},https://tokyo-kitchen.icook.network/uploads/recipe/cover/131525/large_c5f4766bb97f1eca.jpg,https://icook.tw/recipes/131525
æ³•å¼å¤¢å¹»ç”œé»-èœœæ¼¬æ©™ç‰‡å·§å…‹åŠ›(6å¤©ç‰ˆ),{æŸ³æ©™(é¦™å‰å£«/ç”œæ©™çš†å¯):3é¡†}{ç™½ç ‚ç³–:æ©™ç‰‡çš„90%}{å·§å…‹åŠ›:é©é‡},https://tokyo-kitchen.icook.network/uploads/recipe/cover/131428/large_3d32462e1af69d72.jpg,https://icook.tw/recipes/131428
æ¢…æ¼¬å°ç•ªèŒ„,{å°ç•ªèŒ„:28é¡†(440g)}{æ¢…æ±:1å¤§åŒ™(15g)}{æª¸æª¬æ±:1å¤§åŒ™}{ç³–:3å¤§åŒ™}{è©±æ¢…:5é¡†}{æ°´:2ç±³æ¯(400g)},https://tokyo-kitchen.icook.network/uploads/recipe/cover/131142/large_37eed26ffbbe7a07.jpg,https://icook.tw/recipes/131142
ã€å¤æ—¥ç°¡å–®æ–™ç†ã€‘ç³–æ¼¬æª¸æª¬(èœ‚èœœé†ƒæª¸æª¬),{æœ‰æ©Ÿæª¸æª¬:æ•¸é¡†}{ç ‚ç³–orèœ‚èœœ:é©é‡},https://tokyo-kitchen.icook.network/uploads/recipe/cover/129751/large_914d54f8f201decf.jpg,https://icook.tw/recipes/129751
èœ‚èœœæ¼¬æª¸æª¬,{æª¸æª¬:5é¡†}{èœ‚èœœ:300g},https://tokyo-kitchen.icook.network/uploads/recipe/cover/125633/large_48e2793d74816a76.jpg,https://icook.tw/recipes/125633
ç³–æ¼¬æŸ³æ©™ç‰‡,{æŸ³æ©™:8é¡†}{äºŒç ‚ç´…ç³–:é…Œé‡}{æ°´:é…Œé‡},https://tokyo-kitchen.icook.network/uploads/recipe/cover/122346/large_f6e8de7c6beae5c8.jpg,https://icook.tw/recipes/122346
è¶…ç°¡å–®å¥½åƒçš„(å°å¼é†ƒæ³¡èœ),{é«˜éº—èœ:1200g}{ç´…è˜¿è””çµ²:30g}{é¹½:20g}{ç´°ç ‚ç³–:45g}{é†‹:80g},https://tokyo-kitchen.icook.network/uploads/recipe/cover/124807/large_7527aa84b635d75d.jpg,https://icook.tw/recipes/124807
éŸ“å¼æ³¡èœ,{éŸ“åœ‹å¤§ç™½èœ1å¤§é¡†:2000g}{é¹½:é©é‡}{ç™½è˜¿è””:1æ¢}{ç´…è˜¿è””:0.5~1æ¢}{éŸ­èœ1æŠŠ:190g}{è”¥:10æ”¯}{æ¢¨å­:0.5~1é¡†}{å°è˜‹æœ:1~2é¡†}{æ´‹è”¥:0.5é¡†}{è’œé ­8~10é¡†:45g}{è–‘:15g}{ç³¯ç±³ç²‰0.5æ¯:120ml}{æ¸…æ°´1æ¯:240ml}{éŸ“åœ‹è¾£æ¤’ç²‰:5å¤§åŒ™}{éŸ“åœ‹é­šéœ²:120~150ml}{èœ‚èœœ:6å¤§åŒ™},https://tokyo-kitchen.icook.network/uploads/recipe/cover/124200/large_ff548cf31b72b731.jpg,https://icook.tw/recipes/124200
é†ƒæ¼¬é…¸èœè±†ã€ä¼Šæœ—æ–™ç†ã€‘,{å«©èœè±†:5æ–¤}{æ–°é®®èŒ´é¦™èœ(ä¹Ÿå¯ä»¥ä¸æ”¾):1/3æŠŠ}{ç…®æ²¸æ”¾æ¶¼çš„æ°´:5000cc}{é¹½:30g}{è’œé ­å»çš®:30ç“£}{æ•´æ¢è¾£æ¤’:3æ¢}{ç³¯ç±³é†‹æˆ–é™³å¹´é†‹:1ç“¶},https://tokyo-kitchen.icook.network/uploads/recipe/cover/121218/large_b60c44d85b31e3a6.jpg,https://icook.tw/recipes/121218
é†ƒé¦™ç…é›è…¿å—ç“œ,{å»éª¨é›è…¿è‚‰:3/4æ ¹}{å—ç“œ:1/6å€‹}{æ´‹è”¥:1/2å€‹}{æ©™é†‹:1.5T}{è¾£æ¤’æœ«:å°‘è¨±}{ç±³é…’:1T}{é¹½:1t}{è–‘æ³¥:1T}{å¤ªç™½ç²‰:é©é‡},https://tokyo-kitchen.icook.network/uploads/recipe/cover/119250/large_fba7a7c630965b8f.jpg,https://icook.tw/recipes/119250
é†ƒè„†ç“œï¼é€Ÿæˆç‰ˆ,{å°é»ƒç“œ:å››æ¢}{é†¬æ±:***}{é†¬æ²¹:1.5å¤§åŒ™}{æ°´:0.5å¤§åŒ™}{ç±³é…’:1å¤§åŒ™}{çƒé†‹:1å¤§åŒ™}{äºŒç ‚ç³–:1å¤§åŒ™},https://tokyo-kitchen.icook.network/uploads/recipe/cover/118272/large_459197c312e6d6ee.jpg,https://icook.tw/recipes/118272
æ¢…æ¼¬ç•ªèŒ„,{å°ç•ªèŒ„:1ç›’}{æª¸æª¬:2é¡†}{å†°ç³–:é©é‡}{æ¢…å­:5~8é¡†},https://tokyo-kitchen.icook.network/uploads/recipe/cover/114508/large_f4b8fddba4974a0c.jpg,https://icook.tw/recipes/114508
ç‚¸é›é†ƒè˜¿è”” ì¹˜í‚¨ë¬´,{ç™½è˜¿è””:åŠæ ¹}{ç³–:ä¸€æ¯}{ç™½é†‹:ä¸€æ¯}{æ°´:ä¸€æ¯}{é¹½:ä¸€å°åŒ™},https://tokyo-kitchen.icook.network/uploads/recipe/cover/114342/large_b1f36b2f5258147c.jpg,https://icook.tw/recipes/114342
éŸ“å¼é†ƒè˜¿è””ì¹˜í‚¨ë¬´,{ç™½è˜¿è””:100g}{é†‹:2/3å¤§åŒ™(10g)}{ç³–:2/3å¤§åŒ™(10g)}{é¹½:1/4å°åŒ™(1g)}{é›ªç¢§:50cc},https://tokyo-kitchen.icook.network/uploads/recipe/cover/113920/large_96f11fc70b97fa1e.jpg,https://icook.tw/recipes/113920
æƒ…äººæœï¼ˆå†°ï¼‰/èŠ’æœé’,{åœŸèŠ’æœ:3-4æ–¤}{ç´°ç ‚ç³–:500-600g}{é¹½:2-3èŒ¶åŒ™}{é›ªç¢§:ç´„2000cc},https://tokyo-kitchen.icook.network/uploads/recipe/cover/113531/large_3d5d8fd7040dacd6.jpg,https://icook.tw/recipes/113531
ç°¡å–®å¤©ç„¶çš„é†ƒé»ƒè˜¿è””ç‰‡,{ç™½è˜¿è””(1å…¬æ–¤):1æ¢}{é¹½:30å…¬å…‹}{ç ‚ç³–:30å…¬å…‹}{ç™½é†‹:20å…¬å…‹}{è–‘é»ƒç²‰:1å¤§åŒ™},https://tokyo-kitchen.icook.network/uploads/recipe/cover/112380/large_492b1b490b27d30a.jpg,https://icook.tw/recipes/112380
è‡ªè£½æƒ…äººæœ,{é’èŠ’æœ:é©é‡}{é¹½å·´:é©é‡}{ç³–:é©é‡},https://tokyo-kitchen.icook.network/uploads/recipe/cover/112444/large_81cda4a10783ed2d.jpg,https://icook.tw/recipes/112444
ç³–æ¼¬æª¸æª¬æ°´,{æª¸æª¬:3é¡†}{å†°ç³–:1/2æ¯}{è©±æ¢…:3é¡†}{èœ‚èœœ:1å¤§åŒ™}{å†·é–‹æ°´:1æ¯}{å†°å¡Š:é©é‡}{å°é»ƒç“œç‰‡/è‰è“:é©é‡},https://tokyo-kitchen.icook.network/uploads/recipe/cover/112124/large_8d31324b8fdc47dd.jpg,https://icook.tw/recipes/112124
é†ƒæ¼¬è›¤èœŠ,{è›¤èœŠ:ä¸€æ–¤}{è’œé ­:å¤§é‡}{è¾£æ¤’:é©é‡}{ç±³é…’:é©é‡}{é†¬æ²¹:é©é‡}{ç³–:å°‘è¨±},https://tokyo-kitchen.icook.network/uploads/recipe/cover/111546/large_f47b193295f70d99.jpg,https://icook.tw/recipes/111546
å†°æ¶¼~*æƒ…äººæœå†°*,{é’èŠ’æœ:40é¡†}{å†°ç³–:1åŒ…}{ç´°ç ‚ç³–:150g}{é›ªç¢§:800cc}{é¹½å·´:50g},https://tokyo-kitchen.icook.network/uploads/recipe/cover/111361/large_676da6ac4098df71.jpg,https://icook.tw/recipes/111361
é¹½æ¼¬æª¸æª¬èˆ‡å…¶æ–™ç†é‹ç”¨,{é»ƒæª¸æª¬:æ•¸é¡†}{ç²—é¹½(å¤©ç„¶æµ·é¹½):é©é‡},https://tokyo-kitchen.icook.network/uploads/recipe/cover/110604/large_d9915d5cd3d497a1.jpg,https://icook.tw/recipes/110604
æ¸…è„†é…¸ç”œçš„é†ƒæ´‹è”¥ï¼Œì–‘íŒŒì¥ì•„ì°Œ,{æ´‹è”¥:4å€‹ï¼ˆ1000gï¼‰}{ç´…è¾£æ¤’:2å€‹}{ç¶ è¾£æ¤’:2å€‹}{é†¬æ²¹:1æ¯}{æ°´:1.5æ¯}{ç™½é†‹:0.5æ¯}{ç³–:0.5æ¯},https://tokyo-kitchen.icook.network/uploads/recipe/cover/110332/large_27eb40dc54dd147b.jpg,https://icook.tw/recipes/110332
æ‰‹å·¥é†ƒæ¼¬è¾£é†¬ç“œ,{å°é»ƒç“œ:é©é‡}{é†¬æ²¹:3}{ç™½é†‹:2}{äºŒç ‚ç³–:3}{è¾£æ¤’:é©é‡}{é¦™æ²¹:é©é‡}{è’œé ­:é©é‡},https://tokyo-kitchen.icook.network/uploads/recipe/cover/109895/large_c49fc00e08fb2f3a.jpg,https://icook.tw/recipes/109895
ç¶­ç”Ÿç´ Cå¤šå¤šçš„èœ‚èœœé†ƒæª¸æª¬æ°´â¤!!!,{ç½å­(16.5 oz):2 ç½}{æª¸æª¬:3 é¡†}{èœ‚èœœ:è“‹æ·¹éæª¸æª¬ç‚ºä¸»},https://tokyo-kitchen.icook.network/uploads/recipe/cover/108920/large_56d34119870843bf.jpg,https://icook.tw/recipes/108920
æƒ…äººæœ (é’èŠ’æœ),{é’èŠ’æœ(å»çš®å»ç±½å¾Œé‡é‡):300g}{é¹½:9g}{ç™½æ±½æ°´(ä¸ƒå–œ):600g}{ç™½ç ‚ç³–:100g},https://tokyo-kitchen.icook.network/uploads/recipe/cover/108881/large_7fd2c41d685fd43a.jpg,https://icook.tw/recipes/108881
ç³–æ¼¬æª¸æª¬é€™æ¨£åšï¼Œæ¶ˆæš‘é£²å“å®‰å¿ƒå–,{æœ‰æ©Ÿæª¸æª¬:2é¡†}{äºŒè™Ÿç ‚ç³–:ç´„100å…‹}{èœ‚èœœ:é©é‡}{é¹½å·´:é©é‡},https://tokyo-kitchen.icook.network/uploads/recipe/cover/108746/large_24454c6241e79813.jpg,https://icook.tw/recipes/108746
æ‰‹ä½œæƒ…äººæœ #æ·±å¤œé£Ÿå ‚è±¬æ°æœƒç¤¾,{èŠ’æœé’:1800å…‹}{é¹½:50å…‹}{ç™½ç ‚ç³–:500å…‹}{é›ªç¢§:1500ml},https://tokyo-kitchen.icook.network/uploads/recipe/cover/108256/large_3acf28f743c3c258.jpg,https://icook.tw/recipes/108256
è¼•é¬†åœ¨å®¶é†ƒè„†æ¢…,{é’æ¢…:10æ–¤}{ç²—é¹½:2æ–¤}{äºŒè™Ÿç ‚ç³–(èµ¤ç ‚):9æ–¤}{æ°´:é©é‡}{æœ¨éš:1æ”¯}{çƒ¤è‚‰ç”¨ç«¹ç±¤:é©é‡},https://tokyo-kitchen.icook.network/uploads/recipe/cover/108021/large_60417b0edd55dfb1.jpg,https://icook.tw/recipes/108021
æ¢…æ±é†ƒå«©è–‘,{å«©è–‘:250g}{é¹½:1/2å°åŒ™}{ç´„500mlå®¹é‡ç“¶ç½:1å€‹}{æ¢…å­æ±:ç´„150ml}{ç³–:é©é‡},https://tokyo-kitchen.icook.network/uploads/recipe/cover/107220/large_0dd8bec3d32315b5.jpg,https://icook.tw/recipes/107220
è„†æ¢…DIY,{é’æ¢…:1200å…‹}{é¹½:50å…‹}{äºŒç ‚ç³–:1000å…‹}{ç»ç’ƒç½:1å€‹}{ç©ºç»ç’ƒé…’ç“¶ï¼ˆæˆ–æœ¨æ¥ï¼‰:1å€‹}{åšå¡‘è† è¢‹è¢‹å­:1å€‹}{é‹å­:1å€‹},https://tokyo-kitchen.icook.network/uploads/recipe/cover/106742/large_f37e8b6311f54ac9.jpg,https://icook.tw/recipes/106742
é†ƒè„†æ¢…,{é’æ¢…:12æ–¤}{é¹½:1åŒ…}{ç³–:2400g}{æ°´:3400cc}{ç³–:2700g}{æ°´:2400cc}{ç¬¬äºŒæ¬¡æµ¸æ³¡ç³–æ°´:1/2}{ç³–:2400g}{æ°´:4500cc},https://tokyo-kitchen.icook.network/uploads/recipe/cover/105500/large_3893da942f5b4227.jpg,https://icook.tw/recipes/105500
å°å¼æ³¡èœ,{é«˜éº—èœ ï¼ˆç´„4æ–¤ï¼‰:1é¡†}{ç´…è˜¿è””çµ²:é©é‡}{é¹½:3å¤§åŒ™ï½4å¤§åŒ™}{ç™½é†‹:2.5~3ç¢—}{ç³–:2ç¢—}{è’œæœ«:åŠç¢—}{è¾£æ¤’ 2æ”¯ï¼ˆæˆ–é©é‡ï¼‰:2æ”¯},https://tokyo-kitchen.icook.network/uploads/recipe/cover/105022/large_39dba03cfed500f9.jpg,https://icook.tw/recipes/105022
éŸ“å¼æ³¡èœ,{å¤§ç™½èœ:1é¡†}{é¹½:é©é‡}{ç´…è˜¿è””:1å€‹}{éŸ“åœ‹è¾£æ¤’ç²‰:100g}{è˜‹æœ:1å€‹}{æ´‹è”¥:1/2å€‹}{è’œé ­:5å°ç“£}{é­šéœ²:2å¤§åŒ™}{ç³–:2å¤§åŒ™},https://tokyo-kitchen.icook.network/uploads/recipe/cover/104322/large_9b410be813206c7e.jpg,https://icook.tw/recipes/104322
é–‹èƒƒå°å¼æ³¡èœ,{é«˜éº—èœ:900g}{ç´…è˜¿è””:é©é‡}{å¡©:25g}{è¾£æ¤’:2æ¢}{è’œé ­:30g}{å†°ç³–:180g}{ç™½é†‹:180g}{æ°´:150g}{è©±æ¢…:3é¡†},https://tokyo-kitchen.icook.network/uploads/recipe/cover/104051/large_28c1b8eb14f382d7.jpg,https://icook.tw/recipes/104051
é†ƒæ¼¬èœè„¯,{ç™½è˜¿è””:5æ–¤}{é¹½å·´:100g}{äºŒç ‚ç³–:80g}{é†¬æ²¹:20g}{ç±³é…’:1å¤§åŒ™},https://tokyo-kitchen.icook.network/uploads/recipe/cover/102852/large_0acf809057f1a15e.jpg,https://icook.tw/recipes/102852
ã€æ‰‹ä½œæ¼¬ç‰©ã€‘é»ƒé‡‘æ³¡èœ(å¤§ç™½èœ),{åŒ…å¿ƒç™½èœ:1é¡†}{ç´…è˜¿è””:200g}{æ±æ˜‡å—ç“œ:250g}{è€è–‘:åŠç¢—}{è¾£æ¤’:1æ ¹}{ç™½èŠè”´:2å¤§åŒ™}{é¹½:60g}{ç™½é†‹:150g}{äºŒç ‚ç³–:100g}{æ©„æ¬–æ²¹:4å¤§åŒ™},https://tokyo-kitchen.icook.network/uploads/recipe/cover/102459/large_41e1ad8eee4867e9.jpg,https://icook.tw/recipes/102459
æ¢…é¦™ç™½é…’é†ƒæ¼¬å°ç•ªèŒ„,{å°ç•ªèŒ„:ç´„15é¡†}{ç™½é…’:å°‘è¨±}{ç´«è˜‡æ¢…æ±:7-8åŒ™}{ç´«è˜‡æ¢…:éš¨æ„}{ç´«è˜‡è‘‰:éš¨æ„},https://tokyo-kitchen.icook.network/uploads/recipe/cover/100867/large_bb374684e54bb5db.jpg,https://icook.tw/recipes/100867
é†ƒè˜¿è””ç‰‡, ìŒˆë¬´ ,{è˜¿è””:1åŠï¼ˆ400gï¼‰}{ç™½é†‹:1/2æ¯}{æ°´:1/2æ¯}{ç³–:1/2æ¯}{é¹½:1/2æ¹¯åŒ™},https://tokyo-kitchen.icook.network/uploads/recipe/cover/100911/large_c295f45986caea5e.jpg,https://icook.tw/recipes/100911
æŸ‘æ©˜&æ˜†å¸ƒé¢¨å‘³é«˜éº—èœæ¼¬ç‰©,{é«˜éº—èœ:200g}{å°é»ƒç“œ:1æ ¹}{ç´…è˜¿è””:30g}{è¾£æ¤’:å°‘è¨±}{æª¸æª¬çš®:1/4å€‹}{ä¹¾æ˜†å¸ƒ:2cm}{ç™½é†‹:4å¤§åŒ™}{é¹½:1å°åŒ™}{ç ‚ç³–:2å¤§åŒ™},https://tokyo-kitchen.icook.network/uploads/recipe/cover/100279/large_442856377824dded.jpg,https://icook.tw/recipes/100279
é†ƒæ¼¬å°ç•ªèŒ„[å¿«é€Ÿæ–™ç†],{å°ç•ªèŒ„:ä¸€ç›’}{è’œé ­ç±³:5é¡†}{ç¾©å¤§åˆ©é¦™æ–™:é©é‡}{é»‘èƒ¡æ¤’ç²’:é©é‡}{ç™½ç³–:ä¸€å°åŒ™},https://tokyo-kitchen.icook.network/uploads/recipe/cover/98891/large_cdf746cb98e9fc0b.jpg,https://icook.tw/recipes/98891
éŸ“å¼ç‚¸é›é†ƒè˜¿è””, ì¹˜í‚¨ë¬´ ,{è˜¿è””:1åŠï¼ˆ400gï¼‰}{ç™½é†‹:1/2æ¯}{æ°´:1/2æ¯}{ç³–:1/2æ¯}{é¹½:1/2æ¹¯åŒ™},https://tokyo-kitchen.icook.network/uploads/recipe/cover/97639/large_c15ec00160ccf4b7.jpg,https://icook.tw/recipes/97639
å°å¼é†ƒè˜¿è””,{ç™½è˜¿è””:2æ ¹}{è¾£æ¤’:1æ ¹}{ç³¯ç±³é†‹:250cc}{ç³–:5å¤§åŒ™}{æ°´:100cc},https://tokyo-kitchen.icook.network/uploads/recipe/cover/97145/large_6c7fd1e5614defda.jpg,https://icook.tw/recipes/97145
ç°¡å–®é†ƒæ¼¬æ´›ç¥èŠ±(æ•™ä½ è¼•é¬†å»ç±½),{æ´›ç¥èŠ±:250g}{é¹½å·´:é©é‡}{å†°ç³–:é©é‡}{åŸå­ç­†ç®¡:1æ”¯},https://tokyo-kitchen.icook.network/uploads/recipe/cover/93204/large_a6171e2b0bb0c845.jpg,https://icook.tw/recipes/93204
å°å¼é†ƒè˜¿è””,{ç™½è˜¿è””(å°å‹çš„):å…©æ¢}{ç™½é†‹:200cc}{ç™½ç ‚ç³–(è«‹ä¾ç…§å€‹äººç”œåº¦å–”):ä¸‰å¤§åŒ™}{è¾£æ¤’(ä¸åƒè¾£å¯å…):å…©æ¢}{é¹½:å…©å¤§åŒ™},https://tokyo-kitchen.icook.network/uploads/recipe/cover/91090/large_0faba63c743cf1b1.jpg,https://icook.tw/recipes/91090
å¿«é€Ÿé†ƒå°é»ƒç“œ@ç¾éº—äººå¦»Selina Wu,{å°é»ƒç“œ:3æ¢}{è’œ:3ç“£}{è–‘:1å¡Š}{è¾£æ¤’:1æ ¹}{é¹½:å°‘è¨±}{ç³–:3åŒ™}{è˜‹æœé†‹:3/10æ¯}{é¦™æ²¹:å°‘è¨±},https://tokyo-kitchen.icook.network/uploads/recipe/cover/89938/large_756730af6b9cfbfa.jpg,https://icook.tw/recipes/89938
å°å¼æ³¡èœ,{é«˜éº—èœ:1/2é¡†}{è¾£æ¤’:ä¸€æ”¯}{è–‘:ä¸€å¡Š(åˆ‡ç‰‡)}{èª¿å‘³æ–™::}{é¹½:2å¤§åŒ™}{æ¢…å­é†‹:1æ¯}{ç³–:1æ¯}{æ°´:2æ¯},https://tokyo-kitchen.icook.network/uploads/recipe/cover/41010/large_35bc8d5f627d9fd1.jpg,https://icook.tw/recipes/41010
è‡ªè£½è„†ç“œ,{å°é»ƒç“œ:5~8æ¢}{æ¸…é†¬æ²¹:2/3ç±³æ¯}{ç™½é†‹(æˆ–ç³¯ç±³é†‹):2/3ç±³æ¯}{å†°ç³–:2/3ç±³æ¯}{è©±æ¢…(æˆ–ç”˜è‰):2é¡†},https://tokyo-kitchen.icook.network/uploads/recipe/cover/89753/large_c70f2ce96701d712.jpg,https://icook.tw/recipes/89753
æ—¥å¼é†ƒå«©è–‘(å£½å¸å¥½æ­æª”),{å«°è–‘:1æ ¹}{é†‹:100cc}{ç³–:4å¤§åŒ™}{èœ‚èœœ:1å¤§åŒ™}{ç›¬:1/4å°åŒ™},https://tokyo-kitchen.icook.network/uploads/recipe/cover/86121/large_aa2e993764cf54e0.jpg,https://icook.tw/recipes/86121
ç³–é†‹é†ƒè˜¿è””,{ç™½è˜¿è””:2å…¬æ–¤}{ç³–:1ç¢—}{é†‹:2/3ç¢—}{é†¬æ²¹:1/3ç¢—}{é¹½:2-3èŒ¶åŒ™+1èŒ¶åŒ™}{é…¸æ¢…:4-5å€‹},https://tokyo-kitchen.icook.network/uploads/recipe/cover/86131/large_b286b1a66a04711a.jpg,https://icook.tw/recipes/86131
[è«è«å»šæˆ¿]é†ƒæ¼¬é¹¹æª¸æª¬,{æª¸æª¬:æ•¸é¡†}{é£Ÿç”¨é¹½:é©é‡},https://tokyo-kitchen.icook.network/uploads/recipe/cover/84557/large_4489f9f5ffcbab50.jpg,https://icook.tw/recipes/84557
[è«è«å»šæˆ¿]é†ƒæ¼¬èœ‚èœœæª¸æª¬,{æª¸æª¬:æ•¸é¡†}{èœ‚èœœ:é©é‡},https://tokyo-kitchen.icook.network/uploads/recipe/cover/84553/large_54249a42b6f67c5a.jpg,https://icook.tw/recipes/84553
ç³–æ¼¬æ©™çš®ã€ç„¦ç³–å¥¶æ²¹é†¬ã€‘,{å¤§æ©™çš®:2å€‹åŠ}{ç ‚ç³–:225å…‹}{æ¸…æ°´:180å…‹},https://tokyo-kitchen.icook.network/uploads/recipe/cover/83879/large_cf7476dc19778c2a.jpg,https://icook.tw/recipes/83879
ååˆ†é˜å¿«é€Ÿä¸Šæ¡Œå£æ„Ÿè±å¯Œè¶…æœ‰å±¤æ¬¡çš„é†ƒå°é»ƒç“œ,{æœ‰æ©Ÿå°é»ƒç“œ:3æ¢}{ã€”é†ƒæ–™ã€•è’œæœ«:3ç“£}{ã€”é†ƒæ–™ã€•è¾£æ¤’:1å°æ¢}{ã€”é†ƒæ–™ã€•é¹½:ä¸€å°åŒ™}{ã€”é†ƒæ–™ã€•ç³–:ä¸€å°åŒ™}{ã€”é†ƒæ–™ã€•é»‘é†‹:ä¸€å¤§åŒ™}{ã€”é†ƒæ–™ã€•ç™½é†‹:ä¸€å¤§åŒ™}{ã€”é†ƒæ–™ã€•é†¬æ²¹:ä¸€å°åŒ™}{ã€”é†ƒæ–™ã€•é¦™æ²¹:ä¸€å°åŒ™},https://tokyo-kitchen.icook.network/uploads/recipe/cover/83758/large_dc68b6b3fc33833b.jpg,https://icook.tw/recipes/83758
å…é†ƒä½æ²¹æ¸…çˆ½é›è‚‰é£¯,{é†ƒé›æ–™:å¾ˆå–®ç´”}{é¹½:0.5å°åŒ™}{ç™½èƒ¡æ¤’:0.25å°åŒ™}{æ°´:250cc}{æ‹Œé£¯æ±:å¦‚ä¸‹}{ç´…è”¥é ­:1å°ç“£}{è”¥:2å°æ®µ}{é†¬æ²¹:2å°åŒ™}{ç³–:0.25å°åŒ™}{ç…®é›æ°´:150cc}{é›çš®:ä¸€æ£’è…¿çš„é‡},https://tokyo-kitchen.icook.network/uploads/recipe/cover/83415/large_aa221b03656050b3.jpg,https://icook.tw/recipes/83415
 èœœæ¼¬é’æª¸,{æª¸æª¬:4ç²’}{èœ‚èœœ:350g}{é¹½æ°´:é©é‡},https://tokyo-kitchen.icook.network/uploads/recipe/cover/82591/large_b687d1f3ff921f78.jpg,https://icook.tw/recipes/82591
ã€å‚¬æ·šå°å“â—ç³–é†‹é†ƒæ¼¬æ´‹è”¥ã€‘,{æ´‹è”¥ç´„ä¸€é¡†:280~300g}{(æµ¸æ³¡ç”¨)é¹½å·´:20g}{(æµ¸æ³¡ç”¨)é–‹æ°´:400cc}{(é†ƒæ–™)ç ‚ç³–:140g}{(é†ƒæ–™)é«˜ç²±é†‹æˆ–ç™½é†‹:290cc}{(é†ƒæ–™)æ°´:100cc},https://tokyo-kitchen.icook.network/uploads/recipe/cover/82133/large_73b6896d8bbe4714.jpg,https://icook.tw/recipes/82133
æ¢…æ¼¬ç•ªèŒ„byæˆ€æˆ€å®¶,{å°è•ƒèŒ„:1000g}{è©±  æ¢…:8é¡†}{æ¢…å­é†‹:50cc}{æ°´:700cc}{å†°ç³–:100g},https://tokyo-kitchen.icook.network/uploads/recipe/cover/81316/large_1c9eeed566d361b4.jpg,https://icook.tw/recipes/81316
é¤æ¡Œè¬ç”¨é†¬æ±é¦–é¸ï¼å’Œé¢¨é†¬æ²¹æ¼¬è’œ,{å¤§è’œ:500g}{é†¬æ²¹:400g}{æ–™ç†é…’:70g}{å‘³éœ–:30g},https://tokyo-kitchen.icook.network/uploads/recipe/cover/72198/large_b5be5cca1c7cc9c5.jpg,https://icook.tw/recipes/72198
æŸšå­é†ƒè˜¿è””,{è˜¿è””:400 å…‹}{ç´…è˜¿è””:50 å…‹}{é¹½(è˜¿è””å‡ºæ°´ç”¨):1 1/2 èŒ¶åŒ™}{é†ƒæ¼¬é†¬ææ–™:>>>>}{é¹½:1  èŒ¶åŒ™}{é†‹:1 1/3 èŒ¶åŒ™}{ç³–:1 èŒ¶åŒ™}{éŸ“åœ‹æŸšå­é†¬:3 æ¹¯åŒ™},https://tokyo-kitchen.icook.network/uploads/recipe/cover/80440/large_75a03cfd8dd4f850.jpg,https://icook.tw/recipes/80440
æ¢…æ¼¬æ¶¼æ‹Œè‹¦ç“œ,{ç™½ç‰è‹¦:1/2æ¢}{ç´«è˜‡æ¢…æ±:é©é‡}{å†°ç³–:å°‘è¨±},https://tokyo-kitchen.icook.network/uploads/recipe/cover/80274/large_70bc83ed74a53b34.jpg,https://icook.tw/recipes/80274
æ—¥æœ¬è¶…äººæ°£èª¿å‘³æ–™"é¹½æ¼¬æª¸æª¬",{æª¸æª¬:1}{é¹½ï¼ˆç²—é¹½å‘³é“æ›´å¥½ï¼‰:æª¸æª¬çš„10%},https://tokyo-kitchen.icook.network/uploads/recipe/cover/80101/large_5c766899e68e0ceb.jpg,https://icook.tw/recipes/80101
é–‹èƒƒå¥½èœï¼ç”Ÿé†ƒé¹¹èœ†ä»”,{èœ†ä»”:600å…¬å…‹}{ç±³é…’:ç±³æ¯ä¸€ä»½}{é†¬æ²¹:ç±³æ¯ä¸€ä»½}{è’œé ­:é©é‡}{ç³–:é©é‡}{è¾£æ¤’:é©é‡}{è–‘ç‰‡:é©é‡},https://tokyo-kitchen.icook.network/uploads/recipe/cover/79611/large_8bee22a400431a4b.jpg,https://icook.tw/recipes/79611
é†ƒç™½è˜¿è”” : ë¬´ì´ˆì ˆì„,{ç™½è˜¿è””:400g}{æ°´:1/2Cup}{ç™½ç³–:1/2Cup}{ç±³é†‹:1/2Cup}{é¹½:1/2t},https://tokyo-kitchen.icook.network/uploads/recipe/cover/79609/large_d8874a2c763c19a5.jpg,https://icook.tw/recipes/79609
èœ‚èœœæª¸æª¬æ¢…æ¼¬ç•ªèŒ„,{å°ç•ªèŒ„:ï¼’ï¼é¡†}{è©±æ¢…:ï¼”ï½ï¼•é¡†}{ç†±é–‹æ°´:ï¼•ï¼ï½ï½Œ}{èœ‚èœœ:ï¼’ï½ï¼“å¤§åŒ™}{æª¸æª¬:ï¼‘é¡†æ¦¨æ±},https://tokyo-kitchen.icook.network/uploads/recipe/cover/79384/large_6be8d99743f32575.jpg,https://icook.tw/recipes/79384
å®‰å¿ƒç¾å‘³çš„è‡ªè£½è„†ç“œ,{å°é»ƒç“œ:10æ¢}{é†¬æ²¹:2æ¯}{è ”æ²¹:1æ¯}{ç´…ç ‚ç³–:3æ¯}{çƒé†‹:1.5-2æ¯}{ç³¯ç±³é†‹:1æ¯}{ç±³é…’:åŠæ¯},https://tokyo-kitchen.icook.network/uploads/recipe/cover/78231/large_dba2e7fd17110411.jpg,https://icook.tw/recipes/78231
ç³–æ¼¬æŸ³æ©™ç‰‡,{æŸ³ä¸ç‰‡:400å…‹}{ç´°ç ‚ç³–:250å…‹}{æ°´:150å…‹},https://tokyo-kitchen.icook.network/uploads/recipe/cover/77269/large_baee03c62ff5a564.jpg,https://icook.tw/recipes/77269
æƒ…äººæœ(é’èŠ’æœ),{é’èŠ’æœ(æ·¨é‡):450g}{ç ‚ç³–:125g}{é£Ÿé¹½:20g}{é›ªç¢§æ±½æ°´:é©é‡}{å†°å¡Š:é©é‡},https://tokyo-kitchen.icook.network/uploads/recipe/cover/77261/large_506b135769cec243.jpg,https://icook.tw/recipes/77261
é…¸é…¸ç”œç”œæƒ…äººæœã€VICIçš„æ‡¶äººå»šæˆ¿ã€‘,{é’èŠ’æœ:2100g}{ç³–:500g}{æª¸æª¬æ±:é©é‡},https://tokyo-kitchen.icook.network/uploads/recipe/cover/76653/large_34283ecee814048d.jpg,https://icook.tw/recipes/76653
æ¢…æ¼¬å«©è–‘é»ƒç“œè–„åˆ‡,{å°é»ƒç“œ:1æ ¹}{å«©è–‘:1å¡Š(ç´„40g)}{é¹½:1/2èŒ¶åŒ™}{ç³–:1å¤§åŒ™}{ç™½é†‹:1-1/2å¤§åŒ™}{é¦™æ–™å…±å’Œåœ‹-æ¢…ç²‰:1/2èŒ¶åŒ™},https://tokyo-kitchen.icook.network/uploads/recipe/cover/75774/large_ee9462b340447335.jpg,https://icook.tw/recipes/75774
é†ƒè¾£è˜¿è””,{ç™½è˜¿è””:1200g (æœªè„«æ°´å‰ï¼Œè„«æ°´å¾Œ780g)}{é¹½:12g (è˜¿è””é‡é‡çš„1%)}{ç´…è¾£æ¤’:2æ”¯ (åˆ‡å°ç‰‡)}{è¾£è±†ç“£é†¬:3å¤§åŒ™ (æéŒ¦è¨˜)}{é¦™æ²¹:3å¤§åŒ™ (é•·é’å°ç£¨é¦™æ²¹}{é»ƒç ‚ç³–:1å¤§åŒ™}{æ·¬é‡€é†¬æ²¹:1å¤§åŒ™}{è¾£æ²¹:1å¤§åŒ™},https://tokyo-kitchen.icook.network/uploads/recipe/cover/75770/large_b84e893d57dbd92d.jpg,https://icook.tw/recipes/75770
ç¾©å¼æ²¹æ¼¬æµ·é®®,{é€æŠ½:2éš»}{è¦:10éš»}{å·´è¥¿åˆ©(æ´‹é¦™èœ):ä¸€æŠŠ}{å¤§è’œ:1ç“£}{å»ç±½é»‘æ©„æ¬–:10é¡†}{æ©„æ¬–æ²¹:åŠæ¯}{æª¸æª¬:1å€‹}{é¹½ã€é»‘èƒ¡æ¤’:é©é‡},https://tokyo-kitchen.icook.network/uploads/recipe/cover/75674/large_30d6d4e4d5c7e720.jpg,https://icook.tw/recipes/75674
å°å¼æ³¡èœ,{é«˜éº—èœ1/4é¡†:ç´„450g}{ç´…è˜¿è””:100g}{é¹½:9g}{è’œé ­:4-5ç“£}{å¤§è¾£æ¤’:1æ¢}{ç™½é†‹:180ml}{ç³–:50g},https://tokyo-kitchen.icook.network/uploads/recipe/cover/75031/large_55d4e206303b60d9.jpg,https://icook.tw/recipes/75031
æŸšå­ç³–é†‹è˜¿è””æ¼¬ç‰©,{è˜¿è””:800g}{é¹½:å°‘è¨±}{é†ƒæ¼¬æ±:1}{ç ‚ç³–:130g}{é†‹:70cc}{é…’:30cc}{å‘³é†‚:30cc}{é¹½:1å¤§åŒ™}{æŸšå­çš®:å°‘è¨±},https://tokyo-kitchen.icook.network/uploads/recipe/cover/74931/large_f72539c35bb90872.jpg,https://icook.tw/recipes/74931
æ—¥å¼é†ƒè˜¿è””,{ç™½è˜¿è””:750g}{é¹½:5g}{ç³–:10g}{é†¬æ²¹:50ml}{å†·é–‹æ°´:200ml}{ç™½é†‹:50ml}{ç³–:10g},https://tokyo-kitchen.icook.network/uploads/recipe/cover/74235/large_048e9e88197b0232.jpg,https://icook.tw/recipes/74235
ç”œæ»‹æ»‹é†‹æ¼¬å°é»ƒç“œ,{å°é»ƒç“œ:4 æ¢}{è˜‹æœé†‹ï¼ˆå«ç³–ï¼‰:60ml}{é¹½:æŠ“é†ƒç”¨},https://tokyo-kitchen.icook.network/uploads/recipe/cover/74076/large_d183bdac293c1f07.jpg,https://icook.tw/recipes/74076
[é†ƒè£½]å°å¼æ³¡èœ,{é¹½:2å¤§åŒ™}{å°é»ƒç“œ:1æ¢}{ç´…è˜¿è””:1/2æ¢}{é«˜éº—èœ:1/2é¡†}{è¾£æ¤’:1æ ¹}{å¤§è’œ:3é¡†}{ç±³é†‹:3å¤§åŒ™}{å†°ç³–:3å¤§åŒ™}{æ°´:2å¤§åŒ™},https://tokyo-kitchen.icook.network/uploads/recipe/cover/73721/large_992a180f9f4b9bea.jpg,https://icook.tw/recipes/73721
é†ƒã€é»ƒé‡‘é¹¹èœ†ä»”ã€‘,{æ–°é®®èœ†ä»”:900g}{å¤§è’œç¢:50g}{è–‘ç‰‡:30g}{è¾£æ¤’:1æ ¹}{é†¬æ²¹:1.5ç±³æ¯}{é†¬æ²¹è†:1ç±³æ¯}{ç³–:3å¤§åŒ™}{çƒé†‹:3å¤§åŒ™}{ç±³é…’:1ç±³æ¯}{å†·é–‹æ°´:350ml},https://tokyo-kitchen.icook.network/uploads/recipe/cover/72982/large_72f4f5dac923ab1f.jpg,https://icook.tw/recipes/72982
æ¢…æ¼¬ç•ªèŒ„,{å°ç•ªèŒ„:1æ–¤}{æ¢…æ±:50CC}{æ¢…ä¹¾è‚‰:15ç‰‡}{é–‹æ°´:400CC},https://tokyo-kitchen.icook.network/uploads/recipe/cover/72925/large_e0b3a118f0c015b2.jpg,https://icook.tw/recipes/72925
å°å¼æ³¡èœ,{é«˜éº—èœ1é¡†:ç´„1500å…¬å…‹}{ç´…è˜¿è””(å°):1æ ¹}{å°é»ƒç“œ:3æ ¹}{ã€ç³–é†‹æ°´ã€‘:å¦‚ä¸‹}{ç³–:150å…¬å…‹}{ç³¯ç±³é†‹:200cc}{æ°´:250cc},https://tokyo-kitchen.icook.network/uploads/recipe/cover/58747/large_61c0969280b3cc0f.jpg,https://icook.tw/recipes/58747
å°å¼æ³¡èœ-é…¸æ¢…ç‰ˆ,{é«˜éº—èœ(1é¡†):1800g}{ç´…è˜¿è””:1æ¢}{é¹½ 3%:54g}{å†°ç³– 20%:360g}{é†‹ 20%:360g}{æ°´ 16%:300g}{è’œé ­ 2%:36g}{é…¸æ¢…:6é¡†},https://tokyo-kitchen.icook.network/uploads/recipe/cover/72534/large_836064d6a9f3dee0.jpg,https://icook.tw/recipes/72534
è„†æ¢…æ”¹è‰¯ç‰ˆ,{é’æ¢…:5700g}{å¡©:570g}{ç³–:1200g}{æ°´:1700g}{ç³–:1200g}{æ°´:2250g}{ç¬¬äºŒæ¬¡æµ¸æ³¡ç³–æ°´:1/2}{ç³–:1350g}{æ°´:1400g}{èŒ¶è‘‰:é©é‡},https://tokyo-kitchen.icook.network/uploads/recipe/cover/41453/large_783e7b1766c3f5f4.jpg,https://icook.tw/recipes/41453
é†ƒè˜¿è””ä¹¾,{è˜¿è”” ï¼ˆ7æ¢ï¼‰:9250g}{é¹½ï¼ˆ4%ï¼‰:370g}{ç”˜è‰ç²‰:4å°åŒ™}{ç³–ï¼ˆ3%ï¼‰:280g}{æ°´ï¼ˆ3%ï¼‰:280g},https://tokyo-kitchen.icook.network/uploads/recipe/cover/71488/large_50b8291c599ad58a.jpg,https://icook.tw/recipes/71488
ç³–æ¼¬é‡‘æ£—,{å®œè˜­é‡‘æ£—:åŠæ–¤}{é¹½:é©é‡}{å†°ç³–:2å¤§åŒ™}{ä¾†æ˜¥å¬¤éº¥èŠ½ç³–:2å¤§åŒ™},https://tokyo-kitchen.icook.network/uploads/recipe/cover/69729/large_3a011008a732dd34.jpg,https://icook.tw/recipes/69729
è¶…ç´šè„†~ä¸‰æ¯è„†ç“œ,{å°é»ƒç“œ:1æ–¤}{é†¬æ²¹:1æ¯}{ç™½é†‹:0.5æ¯}{ç ‚ç³–:0.5æ¯}{ç±³é…’:å°‘è¨±},https://tokyo-kitchen.icook.network/uploads/recipe/cover/69480/large_dd9d7fdd295d075e.jpg,https://icook.tw/recipes/69480
æ¡‚èŠ±è©±æ¢…é†ƒæ¼¬è•ƒèŒ„,{å°è•ƒèŒ„:20é¡†}{è©±æ¢…:5é¡†}{æ¡‚èŠ±èœœ:1å¤§åŒ™}{æº«æ°´:300c.c.},https://tokyo-kitchen.icook.network/uploads/recipe/cover/69041/large_6b994dbc1d665e62.jpg,https://icook.tw/recipes/69041
[å°èœ]é†ƒæ¼¬å°é»ƒç“œ,{å°é»ƒç“œ:ä¸‰æ ¹}{é¹½å·´:é©é‡}{ç³–:å°‘è¨±}{è’œæœ«:å°ç²’:ä¸€é¡†   å¤§é¡†:åŠé¡†}{é¦™æ²¹:é©é‡},https://tokyo-kitchen.icook.network/uploads/recipe/cover/68561/large_b64eb239ae16fc51.jpg,https://icook.tw/recipes/68561
éŸ“å¼æ³¡èœ,{å±±æ±å¤§ç™½èœ:6æ–¤}{é¹½:2å…©}{ç³¯ç±³ç²‰:åŠæ¯}{ç³–:1/4æ¯}{æ°´:3æ¯}{è”¥,é’è’œ,éŸ­èœ:é©é‡}{ç´…,ç™½è˜¿è””:é©é‡}{éŸ“åœ‹è¾£æ¤’ç²‰:3/4æ¯}{æ´‹è”¥,è–‘,è’œ:é©é‡}{é­šéœ²:3/4æ¯},https://tokyo-kitchen.icook.network/uploads/recipe/cover/67777/large_4b2f578c26aeb940.jpg,https://icook.tw/recipes/67777
æµ·é®®â˜†é†ƒé¹¹èœ†ä»”,{èœ†ä»”:600g}{æ°´:600cc}{é†¬æ²¹:300cc}{ç±³é…’:30cc}{è¾£æ¤’:2æ ¹}{è’œé ­:4é¡†}{è€è–‘:8ç‰‡},https://tokyo-kitchen.icook.network/uploads/recipe/cover/65918/large_d7bc8fdf7c2230cd.jpg,https://icook.tw/recipes/65918
æ­£å®—éŸ“å¼æ³¡èœ,{å±±æ±å¤§ç™½èœ:1000g}{é¹½å·´:50g}{ç´…è˜¿è””:100g}{ç™½è˜¿è””:100g}{é¹½å·´:30g}{è˜‹æœæˆ–é›ªæ¢¨:100g}{è’œé ­:10g}{è–‘:5g}{éŸ­èœ:20g}{è”¥:20g}{ç³–:30g}{é­šéœ²:30g}{ç³¯ç±³ç²‰:20g}{ç†±é–‹æ°´:80cc}{è¦é†¬:20g}{è¾£æ¤’ç²‰(ç´°):150g},https://tokyo-kitchen.icook.network/uploads/recipe/cover/65481/large_664d2bcbf80d1225.jpg,https://icook.tw/recipes/65481
â™¥æ†¶æŸ”è”¬é£Ÿâ™¥ç´ é£ŸéŸ“å¼æ³¡èœ,{å¤§ç™½èœ:8å°æ–¤}{è˜‹æœ:1å€‹}{é¹½  é†ƒå¤§ç™½èœç”¨:50~60g}{è–‘æ³¥:é©é‡}{ç™½é†‹ä¾å€‹äººå–œå¥½:500~650cc}{ç™½ç³–ä¾å€‹äººå–œå¥½:120~200g}{ç´°ç´…è¾£æ¤’ç²‰:é©é‡}{éŸ“å¼è¾£æ¤’é†¬:é©é‡},https://tokyo-kitchen.icook.network/uploads/recipe/cover/61477/large_9f53e379b152de9f.jpg,https://icook.tw/recipes/61477
é†ƒå°é»ƒç“œ,{å°é»ƒç“œ:5æ”¯}{è’œé ­:5å€‹}{è¾£æ¤’:1æ”¯}{ç³–:3å¤§åŒ™}{é¹½:å°‘è¨±}{é¦™æ²¹:å°‘è¨±}{é†‹:3å¤§åŒ™},https://tokyo-kitchen.icook.network/uploads/recipe/cover/61134/large_6da85b4c2708dd84.jpg,https://icook.tw/recipes/61134
é†ƒæ¼¬å°è¾£æ¤’,{é›å¿ƒè¾£æ¤’æˆ–æ˜¯æœå¤©æ¤’:é©é‡}{ç±³é…’:é©é‡}{é¹½:é©é‡},https://tokyo-kitchen.icook.network/uploads/recipe/cover/57049/large_f7ce70beb7c5ce2b.jpg,https://icook.tw/recipes/57049
èœ‚èœœæ¼¬æª¸æª¬,{æœ‰æ©Ÿæª¸æª¬:3é¡†}{èœ‚èœœ:é©é‡}{å¯å¯†å°ç»ç’ƒç½:1å€‹},https://tokyo-kitchen.icook.network/uploads/recipe/cover/56436/large_ad154cd6ff2ab5ae.jpg,https://icook.tw/recipes/56436
ç³–æ¼¬æƒ…äººæœ,{é’èŠ’æœ:3æ–¤}{ç´°é¹½:4å¤§åŒ™}{è²³è™Ÿç ‚ç³–:400g}{å†·é–‹æ°´:é©é‡},https://tokyo-kitchen.icook.network/uploads/recipe/cover/40608/large_61dee9d0e07d9cd5.jpg,https://icook.tw/recipes/40608
â—å¿«é€Ÿè£½åšä¸‹é£¯é»‘è„†ç“œ,{å°é»ƒç“œ:180g(ç´„3æ¢)}{é†¬æ²¹:30g}{å†°ç³–:35g}{ç™½é†‹:20g}{ç”˜è‰ç²‰:1å°åŒ…},https://tokyo-kitchen.icook.network/uploads/recipe/cover/53402/large_3133fa0a04337232.jpg,https://icook.tw/recipes/53402
é†ƒæ¼¬å«©è–‘ç‰‡,{å«©è–‘:485g}{é¹½:1å°åŒ™}{ç ‚ç³–:200g}{å·¥ç ”ç³¯ç±³é†‹:200c.c},https://tokyo-kitchen.icook.network/uploads/recipe/cover/51995/large_dc2fec4eb540961e.jpg,https://icook.tw/recipes/51995
æ¢…æ¼¬è˜¿è””,{ç™½è˜¿è””:725g(å»çš®æ·¨é‡)}{ç™½ç ‚ç³–:6å¤§åŒ™}{å·¥ç ”ç³¯ç±³é†‹:4å¤§åŒ™}{ç´¹èˆˆæ¢…:10ç²’},https://tokyo-kitchen.icook.network/uploads/recipe/cover/51326/large_a6ebe630f711db66.jpg,https://icook.tw/recipes/51326
å°å¼æ³¡èœ(é…¸/ç”œ/è„†/è¾£),{é«˜éº—èœ:1é¡†}{å¡©:é©é‡}{ç™½é†‹:1æ¯åŠ}{ç™½ç ‚ç³–:1æ¯åŠ}{æ°´:1æ¯}{å°è¾£æ¤’:4æ ¹}{è’œé ­:5é¡†}{ç´…è˜¿è””:å°‘è¨±},https://tokyo-kitchen.icook.network/uploads/recipe/cover/49983/large_5fe3235a5f0047e6.jpg,https://icook.tw/recipes/49983
é†ƒæ¼¬å°é»„ç“œ,{å°é»„ç“œ:å…©æ¢}{é†ƒæ–™ï¼šç´°ç ‚ç³–:å…©æ¹¯åŒ™åŠ}{çƒé†‹:3æ¹¯åŒ™}{è’œèŒ¸:ä¸€å°åŒ™}{æª¸æª¬æ±:ä¸€æ¹¯åŒ™åŠ}{æ©„æ¬–æ²¹:1æ¹¯åŒ™}{æ³°å¼ç”œè¾£é†¬ï¼ˆè‹¥æ²¡æœ‰æ³°å¼ç”œè¾£é†¬ï¼Œå¯ç”¨å…¶ä»–çš„ç”œè¾£é†¬ä»£æ›¿ï¼Œä½†å£å‘³æœƒæœ‰å·®ï¼‰:3æ¹¯åŒ™},https://tokyo-kitchen.icook.network/uploads/recipe/cover/50064/large_b624174545f0fd14.jpg,https://icook.tw/recipes/50064
è‡ªè£½(æ„›ä¹‹å‘³)è„†ç“œ~,{å°é»ƒç“œ:1æ–¤}{å†°ç³–:1/2æ¯}{é†¬æ²¹:1/3æ¯}{ç´ è ”æ²¹:1/3æ¯}{ç™½é†‹:1/3æ¯}{ç”˜è‰:3ç‰‡},https://tokyo-kitchen.icook.network/uploads/recipe/cover/48646/large_151baae4d4ff1df3.jpg,https://icook.tw/recipes/48646
ã€å¥¶æ²¹çˆ¸ã€‘èŠ’æœé’å†°(å­£ç¯€é™å®š:æƒ…äººæœå†°),{é’èŠ’æœ:é©é‡}{å†°ç³–:1åŒ…},https://tokyo-kitchen.icook.network/uploads/recipe/cover/48590/large_bf7d9b892f7d4ee4.jpg,https://icook.tw/recipes/48590
æ¢…æ¹¯æ¢…ç²‰æ¼¬å°è•ƒèŒ„,{å°è•ƒèŒ„:åŠç›’}{ç›’å…§çš„æ¢…å­ç²‰:1åŒ…}{é…¸æ¢…æ¹¯:é©é‡}{ç³–:é©é‡},https://tokyo-kitchen.icook.network/uploads/recipe/cover/48031/large_9d5d833022bf3fec.jpg,https://icook.tw/recipes/48031
å¤§è®Šèº«! ç³–æ¼¬æª¸æª¬çš®å’Œæª¸æª¬ç³–,{æª¸æª¬çš®:300g}{æ°´:å…©æ¯}{ç´°ç ‚ç³–:å…©æ¯}{ç³–æ¼¬æª¸æª¬çš®:è¦‹é£Ÿè­œæ­¥é©Ÿ}{ç‰¹ç´°ç™½ç ‚ç³–:é©é‡},https://tokyo-kitchen.icook.network/uploads/recipe/cover/47609/large_53c16d52274daa4c.jpg,https://icook.tw/recipes/47609
ç³–é†ƒæå­,{æ¡ƒæ¥æ:435g}{é¹½:1å¤§åŒ™}{ç³–:3å¤§åŒ™}{è©±æ¢…ç²‰:1å¤§åŒ™},https://tokyo-kitchen.icook.network/uploads/recipe/cover/46992/large_238a74422546639a.jpg,https://icook.tw/recipes/46992
é†‹æ¼¬è¾£æ¤’,{æœå¤©å°è¾£æ¤’:200g}{å·¥ç ”ç³¯ç±³é†‹:250ml}{ç ‚ç³–:100g}{é¹½:10g},https://tokyo-kitchen.icook.network/uploads/recipe/cover/45795/large_6b11e5d61fb488d8.jpg,https://icook.tw/recipes/45795
ä»¤äººæˆ€æ„›çš„æ»‹å‘³~æƒ…äººæœ(é†ƒæª¨ä»”é’),{ã€æŠ“é†ƒã€‘æµ·é¹½:2å°åŒ™}{ã€é£Ÿæã€‘é’èŠ’æœ(Babyæ™‚æœŸçš„èŠ’æœ):1300g}{ã€èª¿å‘³æ–™ã€‘ç™½ç ‚ç³–:150~200g},https://tokyo-kitchen.icook.network/uploads/recipe/cover/45613/large_720d0d56e0134a78.jpg,https://icook.tw/recipes/45613
^^Yè™•å¥³ç§€:è‡ªå·±å‹•æ‰‹åšè„†æ¢…,{é’æ¢…:10æ–¤}{é¹½:1æ–¤}{ç³–:10æ–¤},https://tokyo-kitchen.icook.network/uploads/recipe/cover/45465/large_b4ffd96ac0268d42.jpg,https://icook.tw/recipes/45465
éº—å¨Ÿçƒ˜ç„™å±‹~~é†ƒæ¼¬æ¡ƒå­,{ç™½æ¡ƒ:2æ–¤}{é…¸æ¢…:5ç²’}{æ¢…å­ç²‰:é©é‡}{äºŒç ‚ç³–:ç³–å€‹äººå–œæ­¡ç”œå‰‡å¤šåŠ äº›}{é¹½:3å°åŒ™},https://tokyo-kitchen.icook.network/uploads/recipe/cover/45231/large_effdf9c1dfc115a2.jpg,https://icook.tw/recipes/45231
æƒ…äººæœ(èŠ’æœé’)~é…¸ç”œå¥½æ»‹å‘³!,{é’èŠ’æœå‰Šçš®å»ç±½:1500g}{é¹½:75g}{ç´°ç ‚ç³–:500g}{é…¸æ¢…ä¾å€‹äººå–œå¥½æ·»åŠ :é©é‡}{é’èŠ’æœé¹½:ç´„20:1}{é’èŠ’æœç³–:ç´„3:1},https://tokyo-kitchen.icook.network/uploads/recipe/cover/45273/large_807b4128e7844a5d.jpg,https://icook.tw/recipes/45273
æƒ…äººæœå†°~æª¨ä»”é’,{é’èŠ’æœ(å»çš®å»ä»”å¾Œ):7æ–¤}{é¹½å·´:210å…‹}{ç™½ç ‚ç³–:500å…‹},https://tokyo-kitchen.icook.network/uploads/recipe/cover/43961/large_794462f71df16eed.jpg,https://icook.tw/recipes/43961
é«˜éº—èœçœéŒ¢æ–™ç†ã€‹å°å¼æ³¡èœ,{é«˜éº—èœ:1000g}{ç´…è˜¿è””:250g}{ç±³é†‹:380 c.c}{é–‹æ°´:285 c.c}{ç™½è˜¿è””:250g}{é¹½å·´:é©é‡}{å†°ç³–:135g},https://tokyo-kitchen.icook.network/uploads/recipe/cover/42494/large_dcfbb69639a4ff3d.jpg,https://icook.tw/recipes/42494
è‡­è±†è…çš„å¥½æœ‹å‹---å°å¼æ³¡èœ,{é«˜éº—èœ:1500g/1é¡†}{ç´…è˜¿è””:1æ ¹}{å°é»ƒç“œ:2æ¢}{è’œé ­:10é¡†}{æµ·é¹½:60g}{å†°ç³–:200g}{æ°´:300g}{ç³¯ç±³é†‹:200g},https://tokyo-kitchen.icook.network/uploads/recipe/cover/42081/large_347f5141cc7a9fdc.jpg,https://icook.tw/recipes/42081
é†ƒå°é»ƒç“œ,{å°é»ƒç“œ:é©é‡}{è’œæœ«:é©é‡}{è–‘çµ²:é©é‡}{è¾£æ¤’çµ²(ä¾éœ€æ±‚):é©é‡}{é¦™æ²¹:å°‘è¨±}{ç™½é†‹:1å¤§åŒ™}{å¡©:é©é‡}{ç™½ç ‚ç³–:1åŒ™},https://tokyo-kitchen.icook.network/uploads/recipe/cover/41704/large_2e66895037d34174.jpg,https://icook.tw/recipes/41704
å·åƒæ­¥ä¹‹ã€é†ƒè„†æ¢…ã€‘,{é’æ¢…ï¼ˆä¸­ï¼‰:3500g}{å¡©:210g}{æ°´:1050g}{ç ‚ç³–:700g}{æ°´:1700g}{ç ‚ç³–:1400g},https://tokyo-kitchen.icook.network/uploads/recipe/cover/41258/large_355fcdd8f790d658.jpg,https://icook.tw/recipes/41258
é†ƒè›¤èœŠ,{è›¤èœŠ:1æ–¤}{è¾£æ¤’æœ«:é©é‡}{è’œé ­æœ«:2~3é¡†}{é…’:åŠæ¯}{é†¬æ²¹:è“‹çš„è‘—å°±å¯ä»¥},https://tokyo-kitchen.icook.network/uploads/recipe/cover/40208/large_2490cf5f0889f3c2.jpg,https://icook.tw/recipes/40208
å°å¼æ³¡èœ,{é«˜éº—èœ:ä¸€é¡†}{è‡ªåˆ¶è¾£æ¤’é†¬:é©é‡}{ç³–:é©é‡}{é†‹:é©é‡}{é¹½:é©é‡}{ç´…è˜¿è””:é©é‡},https://tokyo-kitchen.icook.network/uploads/recipe/cover/39229/large_eb7134fb1a96c8da.jpg,https://icook.tw/recipes/39229
â˜…åœŸèŠ’æœé’(æƒ…äººæœ)â˜…,{åœŸèŠ’æœé’:ç´„30é¡†}{é¹½:é©é‡}{å†°ç³–:é©é‡}{é…¸æ¢…:5-6é¡†}{æ¢…ç²‰:å°‘è¨±},https://tokyo-kitchen.icook.network/uploads/recipe/cover/39493/large_c26d9bdc3681a21e.jpg,https://icook.tw/recipes/39493
éŸ“å¼æ³¡èœ,{â€¢å¤§ç™½èœ:1 å€‹ }{â€¢é’è”¥:5~6æ ¹}{â€¢éŸ­èœ:1æŠŠ}{â€¢æ‹‡æŒ‡å¤§è–‘:1æ ¹}{â€¢ç³–:3å¤§åŒ™}{â€¢è’œé ­:12ç“£}{â€¢å°å‹ç™½ç¾…è””:1å€‹}{â€¢æµ·é¹½:500g}{â€¢é­šéœ²:5å¤§åŒ™}{â€¢è¾£æ¤’ç²‰:1.5æ¯}{â€¢é¹½æ¼¬é†¬è¦:2å¤§åŒ™}{â€¢æ°´:1 æ¯}{â€¢ç³¯ç±³ç²‰:1å¤§åŒ™ },https://tokyo-kitchen.icook.network/uploads/recipe/cover/37004/large_252c40a3bd5ae344.jpg,https://icook.tw/recipes/37004
å†°æ¢…é†ƒæ¼¬èœ‚èœœç•ªèŒ„,{å°ç•ªèŒ„:æ•¸é¡†}{å†°æ¢…:é©é‡}{èœ‚èœœ:é©é‡},https://tokyo-kitchen.icook.network/uploads/recipe/cover/36327/large_81f8d0fadb9207a6.jpg,https://icook.tw/recipes/36327
èåª½äº”å¿ƒç´šæ–™ç†~å¤æ—©å‘³è˜¿è””é†ƒ,{ç™½è˜¿è””:3æ–¤}{ç ‚ç³–:300g}{é†‹:450g}{æ°´:300g}{]é¹½:5å¤§åŒ™}{é†¬æ²¹:3å¤§åŒ™}{è©±æ¢…:æ•¸é¡†},https://tokyo-kitchen.icook.network/uploads/recipe/cover/31705/large_b9b61be478b703f9.jpg,https://icook.tw/recipes/31705
å°å¼æ³¡èœ,{é«˜éº—èœ:ä¸€é¡†}{é¹½:6åŒ™}{ç³–:12åŒ™}{ç™½é†‹:8åŒ™}{èƒ¡è˜¿è””çµ²:å°‘é‡}{è’œæœ«:é©é‡}{è¾£æ¤’æœ«:å°‘é‡},https://tokyo-kitchen.icook.network/uploads/recipe/cover/34332/large_0e22e72704fef1fd.jpg,https://icook.tw/recipes/34332
éŸ“å¼æ³¡èœ,{å±±æ±å¤§ç™½èœå…©-ä¸‰å¤§ç²’:ç´„åæ–¤}{éŸ“åœ‹é­šéœ²:ä¸€ç¢—}{è–‘:1/3ç¢—}{è’œé ­:ä¸€ç¢—}{ç´…ã€ç™½è˜¿è””:å„ä¸€æ¢}{éŸ“åœ‹é›ªæ¢¨:ä¸€ç²’}{ç³–:åŠç¢—}{éŸ“åœ‹è¾£æ¤’ç²‰:6-8å¤§åŒ™}{ç³¯ç±³ç³Š:ä¸€ç¢—},https://tokyo-kitchen.icook.network/uploads/recipe/cover/32545/large_4a3081f12d3abdb6.jpg,https://icook.tw/recipes/32545
å°å¼æ³¡èœ,{é«˜éº—èœ:2é¡†}{é¹½: 150g}{è’¸é¤¾æ°´:1000cc}{ç´…è˜¿è””:é©é‡}{è–‘:é©é‡}{è¾£æ¤’:   é©é‡}{å¤§è’œ:é©é‡}{èª¿å‘³é†¬æ–™:å†°ç³–: 250g}{ç™½é†‹: 500g}{æ°´:750g},https://tokyo-kitchen.icook.network/uploads/recipe/cover/32394/large_da382fe55e8203fd.jpg,https://icook.tw/recipes/32394
ã€Šèœ‚èœœæ¼¬æª¸æª¬ã€‹,{æª¸æª¬:3é¡†}{é¹½å·´:é©é‡}{èœ‚èœœ:å¤§é‡},https://tokyo-kitchen.icook.network/uploads/recipe/cover/31835/large_cca6ef91396addc2.jpg,https://icook.tw/recipes/31835
ã€Šå†°é‡€èœ‚èœœæ¢…æ¼¬æª¸æª¬å°è•ƒèŒ„ã€‹,{æª¸æª¬:3é¡†}{å°è•ƒèŒ„:ä¸€ç›’}{é¹½å·´:é©é‡}{èœ‚èœœ:ä¸€ç¢—}{ç™½è©±æ¢…:6é¡†}{å†°ç³–:2å¤§åŒ™}{å†°é–‹æ°´:ä¸€ç¢—}{æ°´:ä¸€ç¢—},https://tokyo-kitchen.icook.network/uploads/recipe/cover/31834/large_3a35d12b2f4ad9d3.jpg,https://icook.tw/recipes/31834
â˜…ç°¡æ˜“çš„å°å¼æ³¡èœâ˜…,{é«˜éº—èœ:ä¸€é¡†}{ç´…è˜¿è””çµ²:å°‘è¨±}{ç´…è¾£æ¤’:ä¸€æ ¹}{è’œé ­:3-4é¡†}{é¹½:å°‘è¨±}{ç ‚ç³–:é©é‡}{ç™½é†‹:é©é‡}{å‘³éœ–:å°‘è¨±},https://tokyo-kitchen.icook.network/uploads/recipe/cover/31446/large_a054eb79aa45fbad.jpg,https://icook.tw/recipes/31446
ã€ŠäºŒå»šæ–™ç†é†ƒè£½ã€‹å°å¼æ³¡èœ,{5äººä»½: }{å¤§è¾£æ¤’:ä¾å–œå¥½}{ç™½ç ‚ç³–:80å…¬å…‹}{å·¥ç ”é†‹:200cc}{é¹½å·´:15å…¬å…‹}{å°é»ƒç“œ:30å…¬å…‹}{ç´…è˜¿è””:40å…¬å…‹}{é«˜éº—èœ:450å…¬å…‹},https://tokyo-kitchen.icook.network/uploads/recipe/cover/30947/large_033201d390213cfa.jpg,https://icook.tw/recipes/30947
~é…¸æºœæºœå°å¼æ³¡èœ~,{é«˜éº—èœ:ä¸€å¤§é¡†}{é¹½:é©é‡}{ç”˜è‰:æ•¸ç‰‡}{äºŒç ‚:3å¤§åŒ™}{é†‹ç²¾:1å¤§åŒ™},https://tokyo-kitchen.icook.network/uploads/recipe/cover/30636/large_899bcc5295dd187a.jpg,https://icook.tw/recipes/30636
æ¢…æ¼¬å°ç•ªèŒ„ã€‚æ»‹å‘³é…¸ç”œçœŸé–‹èƒƒ,{å°ç•ªèŒ„:é©é‡}{å†°ç³–:2å¤§åŒ™}{é…¸æ¢…:5é¡†}{å†·é–‹æ°´:å¯é†ƒéç•ªèŒ„å³å¯},https://tokyo-kitchen.icook.network/uploads/recipe/cover/30622/large_0a8039e730dcda57.jpg,https://icook.tw/recipes/30622
å°å¼æ³¡èœ,{é«˜éº—èœ(åŠå€‹):600g}{ç´…è˜¿è””:1æ ¹}{ç™½ç³–:150g}{èœ‚èœœ:2åŒ™}{ç™½é†‹:170cc}{å¤§è’œ:10ç“£}{æª¸æª¬(å¯æœ‰å¯ç„¡):ä¸€å€‹}{é¹½:3åŒ™}{æ°´:100cc}{è©±æ¢…:å››å€‹},https://tokyo-kitchen.icook.network/uploads/recipe/cover/29504/large_84f048984e026be0.jpg,https://icook.tw/recipes/29504
èœœæ¼¬è•ƒèŒ„,{å°è•ƒèŒ„:430g}{è©±æ¢…:6é¡†}{èœ‚èœœ:5å¤§åŒ™}{å†°ç³–:5å¤§åŒ™}{æ°´:400ml},https://tokyo-kitchen.icook.network/uploads/recipe/cover/27410/large_38e93a0364f21c8c.jpg,https://icook.tw/recipes/27410
é†ƒé¹¹èœ†(é¹¹æ‹‰ä»”),{èœ†:1æ–¤ }{ç³–:å°‘è¨±}{è¾£æ¤’æœ«:å°‘è¨±}{è–‘æœ«:å°‘è¨±}{è’œæœ«:å°‘è¨±}{ç±³é…’:2å¤§åŒ™}{è”¥æœ«:å°‘è¨±}{ä¹å±¤å¡”æœ«:å°‘è¨±},https://tokyo-kitchen.icook.network/uploads/recipe/cover/25535/large_aabca0c76d0532d2.jpg,https://icook.tw/recipes/25535
ã€ŠäºŒå»šæ–™ç†é†ƒè£½ã€‹éŸ“å¼æ³¡èœ,{å¤§ç™½èœ:100å…¬å…‹}{é¹½å·´:5å…¬å…‹5%}{ç´…è˜¿è””:10å…¬å…‹10%}{ç™½è˜¿è””:10å…¬å…‹10%}{é¹½å·´:0.6å…¬å…‹3%}{è˜‹æœ:10å…¬å…‹10%}{è’œé ­:1å…¬å…‹1%}{å¤§è¾£æ¤’:2å…¬å…‹2%}{è”¥:1å…¬å…‹1%}{ç³–:3å…¬å…‹3%}{é­šéœ²:3å…¬å…‹3%}{ç³¯ç±³ç²‰:2å…¬å…‹2%}{ç†±é–‹æ°´:8cc}{å°é»ƒç“œ:10å…¬å…‹10%}{æœæ³¥: }{ç³¯ç±³ç³Š: },https://tokyo-kitchen.icook.network/uploads/recipe/cover/25469/large_26a303b2eaef38f8.jpg,https://icook.tw/recipes/25469
å‘³å™Œé†ƒæ¼¬å°é»ƒç“œï½â˜…éå‹ç”·å°å»šâ˜…,{å°é»ƒç“œ:2æ¢}{æ¿ƒç¸®å‘³å™Œé«˜æ¹¯:45ml=3æ¹¯åŒ™tbsp}{ç™½é†‹:15ml=1æ¹¯åŒ™tbsp}{æœç³–:7.5ml=1/2æ¹¯åŒ™tbsp},https://tokyo-kitchen.icook.network/uploads/recipe/cover/23617/large_e8a8211b1269d578.jpg,https://icook.tw/recipes/23617
é†ƒè˜¿è””,{ç™½è˜¿è””:ç´„10æ–¤}{é¹½å·´:ç´„åŠæ–¤}{è±†ç“£é†¬:é©é‡}{é†¬æ²¹:ç´„250å…‹}{å†°ç³–:é©é‡},https://tokyo-kitchen.icook.network/uploads/recipe/cover/23190/large_58780a890c970bfe.jpg,https://icook.tw/recipes/23190
æƒ…äººæœï½œèŠ’æœé’,{åœŸèŠ’æœï¼ˆæœªç†Ÿï¼‰:ä¸€æ‰¹}{ç³–:å¤§é‡}{é¹½:å¤§é‡}{å†·é–‹æ°´:å¤§é‡},https://tokyo-kitchen.icook.network/uploads/recipe/cover/22741/large_2338f0b6ab6dda28.jpg,https://icook.tw/recipes/22741
áƒ¦å°åŸæ„›åšèœáƒ¦ è„†ç“œé†¬èœ(å°é»ƒç“œ),{å°é»ƒç“œ:1200å…‹}{é¾œç”²è¬ç”˜é†‡é†¬æ²¹:350-450å…‹}{ç©€ç››é†‡é¦™çƒé†‹:200å…‹}{ç ‚ç³–:300å…‹},https://tokyo-kitchen.icook.network/uploads/recipe/cover/20890/large_c65b0b898b1dc47b.jpg,https://icook.tw/recipes/20890
â™¡å®›ã®æ¶¼å¤å¥½ â™¥ â€é£Ÿâ€œå…‰ âœ¿ é†ƒæ¼¬é‡‘æ¡”è©±æ¢…ï¼ˆé‡‘æ¡”èŒ¶ï¼‰,{é‡‘æ¡”:10kg}{èœ‚èœœ:4000g}{å†°ç³–:4000g}{è©±æ¢…:1500g}{æ´—ä¹¾æ·¨ä¸¦çƒ˜ä¹¾æœ‰è“‹ç»ç’ƒç½:1å€‹},https://tokyo-kitchen.icook.network/uploads/recipe/cover/20556/large_3514a5ddc71edb41.jpg,https://icook.tw/recipes/20556
æ¢…æ¼¬è•ƒèŒ„,{è•ƒèŒ„:2ç›’}{æ¢…å­:6é¡†}{å†°ç³–:4å¤§åŒ™}{èœ‚èœœ:4å¤§åŒ™}{æ¢…å­é†‹:3å¤§åŒ™}{æ°´:4é£¯ç¢—},https://tokyo-kitchen.icook.network/uploads/recipe/cover/20508/large_576af32e5189dab3.jpg,https://icook.tw/recipes/20508
ã€æ·±å¤œé£Ÿå ‚ã€‘æ¢…æ±èœœï¼ˆæ¼¬ï¼‰è•ƒèŒ„,{è–å¥³å°è•ƒèŒ„:12é¡†}{æ¢…ç²‰:2å¤§åŒ™}{ç ‚ç³–:4å¤§åŒ™}{æº«é–‹æ°´:4å¤§åŒ™}{ç´«è˜‡æ¢…:2é¡†}{ç´«è˜‡æ¢…æ±:1å¤§åŒ™}{èœ‚èœœ:1å°åŒ™},https://tokyo-kitchen.icook.network/uploads/recipe/cover/19189/large_4f46c493ecff6d23.jpg,https://icook.tw/recipes/19189
èœ‚èœœæ¼¬æª¸æª¬(èŠå§†),{èŠå§†:5é¡†}{èœ‚èœœ:500G}{å¡©å·´:é©é‡},https://tokyo-kitchen.icook.network/uploads/recipe/cover/17802/large_2959a9d09593639d.jpg,https://icook.tw/recipes/17802
æ¢…æ¼¬èŒ„å­,{èŒ„å­:1æ¢}{ç™½é†‹:1åŒ™}{ç³–:2å¤§åŒ™}{æ¢…å­ç²‰:1å°åŒ™}{æº«é–‹æ°´:é©é‡},https://tokyo-kitchen.icook.network/uploads/recipe/cover/17794/large_7d055c6a45c84526.jpg,https://icook.tw/recipes/17794
ç”œèœœæƒ…äººæœï¼ˆèŠ’æœé’ï¼‰,{èŠ’æœé’:3æ–¤}{ç´°å†°ç³–:1æ–¤}{é¹½å·´:é©é‡},https://tokyo-kitchen.icook.network/uploads/recipe/cover/17658/large_a06b59f5b8057ac3.jpg,https://icook.tw/recipes/17658
æ¢…é†ƒç•ªèŒ„,{7-11è²·åˆ°çš„é…¸æ¢…:å››é¡†}{æ°´:200cc}{ç‰›è•ƒèŒ„:2é¡†},https://tokyo-kitchen.icook.network/uploads/recipe/cover/17404/large_0e0ae3efbde1412f.jpg,https://icook.tw/recipes/17404
æ³•å¼å‚³çµ±æ¼¬ç•ªèŒ„,{è–å¥³ç•ªèŒ„:200g}{æ–°é®®ç¾…å‹’:1åŒ…}{åˆæ¦¨æ©„æ¬–æ²¹:30cc}{è’œæœ«:1å¤§åŒ™}{ç³–:1å°åŒ™}{æµ·é¹½:é©é‡}{ç¾ç£¨é»‘èƒ¡æ¤’:é©é‡},https://tokyo-kitchen.icook.network/uploads/recipe/cover/16565/large_fc0385c8fbbbc5e7.jpg,https://icook.tw/recipes/16565
â™¥æˆ‘çš„æ‰‹ä½œæ–™ç†â™¥ éŸ“å¼æ³¡èœ,{å±±æ±å¤§ç™½èœ:1é¡†}{è–‘æœ«:2å¤§åŒ™}{è”¥:5æ”¯}{è˜‹æœ:2å€‹}{èƒ¡è˜¿è””:2æ ¹}{å¤§è’œæœ«:3å¤§åŒ™}{é­šéœ²:6å¤§åŒ™}{è¾£æ¤’ç²‰:12å¤§åŒ™}{ç™½ç ‚ç³–:4å¤§åŒ™},https://tokyo-kitchen.icook.network/uploads/recipe/cover/14546/large_4d71f6a3225625b1.jpg,https://icook.tw/recipes/14546
æƒ…äººæœ,{åœŸèŠ’æœ:5å…¬æ–¤}{ç´°ç™½ç ‚ç³–:2å…¬æ–¤}{*ç³–èˆ‡èŠ’æœæœè‚‰é‡é‡:ç´„1:2},https://tokyo-kitchen.icook.network/uploads/recipe/cover/14288/large_040c354a13b628db.jpg,https://icook.tw/recipes/14288
å“éšä¸Šèœ-å‰çš®è¾£æ¤’é†ƒå°é»ƒç“œ,{å‰çš®è¾£æ¤’:ä¸€æ¢}{å°é»ƒç“œ:äºŒæ¢}{è’œç²’:æ•¸é¡†}{é»‘é†‹é¦™æ²¹é†¬æ²¹ç´ç³–:é©é‡}{é¹½:ä¸€èŒ¶åŒ™},https://tokyo-kitchen.icook.network/uploads/recipe/cover/14075/large_582feeee0b937a78.jpg,https://icook.tw/recipes/14075
